purchase_id,user_id,purchase_datetime,banner_id,item_id,item_name,price_usd,premium_currency,purchase_number
P00000001,U000001,2025-08-21 19:25:28,LTD02,S007,Gem Pack XXL,99.99,6480,1
P00000002,U000001,2026-02-18 11:52:01,LTD12,S007,Gem Pack XXL,99.99,6480,2
P00000003,U000001,2026-02-18 20:22:09,LTD12,S007,Gem Pack XXL,99.99,6480,3
P00000004,U000001,2026-03-06 09:51:40,LTD12,S007,Gem Pack XXL,99.99,6480,4
P00000005,U000003,2025-11-17 21:15:24,LTD07,S007,Gem Pack XXL,99.99,6480,1
P00000006,U000003,2025-11-22 18:02:29,LTD07,S007,Gem Pack XXL,99.99,6480,2
P00000007,U000003,2025-12-21 20:13:20,LTD09,S007,Gem Pack XXL,99.99,6480,3
P00000008,U000003,2026-01-05 22:04:29,LTD09,S007,Gem Pack XXL,99.99,6480,4
P00000009,U000003,2026-01-10 22:55:52,LTD10,S007,Gem Pack XXL,99.99,6480,5
P00000010,U000003,2026-01-27 08:54:32,LTD11,S007,Gem Pack XXL,99.99,6480,6
P00000011,U000003,2026-02-05 16:13:43,LTD11,S007,Gem Pack XXL,99.99,6480,7
P00000012,U000003,2026-04-01 19:51:08,LTD14,S007,Gem Pack XXL,99.99,6480,8
P00000013,U000003,2026-05-07 21:18:58,LTD16,S007,Gem Pack XXL,99.99,6480,9
P00000014,U000005,2026-02-13 18:15:48,LTD11,S007,Gem Pack XXL,99.99,6480,1
P00000015,U000005,2026-05-30 17:54:33,LTD17,S007,Gem Pack XXL,"99,99",6480,2
P00000016,U000019,2026-01-24 23:23:44,LTD10,S002,Monthly Pass,4.99,600,1
P00000017,U000023,2025-10-02 19:42:15,LTD04,S006,Gem Pack XL,49.99,3280,1
P00000018,U000032,2026-04-12 21:23:28,LTD14,S006,Gem Pack XL,49.99,3280,1
P00000019,U000045,2025-10-26 19:10:52,LTD06,S006,Gem Pack XL,49.99,3280,1
P00000020,U000047,2026-02-15 23:22:37,LTD12,S007,Gem Pack XXL,99.99,6480,1
P00000021,U000047,2026-02-17 15:47:58,LTD12,S007,Gem Pack XXL,99.99,6480,2
P00000022,U000051,2026-02-11 08:00:39,LTD11,S007,Gem Pack XXL,99.99,6480,1
P00000023,U000054,2025-08-23 23:11:46,LTD02,S007,Gem Pack XXL,99.99,6480,1
P00000024,U000054,2026-04-11 11:12:29,LTD14,S007,Gem Pack XXL,99.99,6480,2
P00000025,U000063,2026-01-25 11:03:02,LTD10,S007,Gem Pack XXL,99.99,6480,1
P00000026,U000063,2026-03-05 12:59:47,LTD12,S007,Gem Pack XXL,99.99,6480,2
P00000027,U000063,2025-10-19 10:00:00,LTD12,S007,Gem Pack XXL,99.99,6480,3
P00000028,U000068,2025-09-23 20:43:04,LTD04,S006,Gem Pack XL,49.99,3280,1
P00000029,U000077,2025-09-11 17:13:36,LTD03,S007,Gem Pack XXL,99.99,6480,1
P00000030,U000077,2025-10-03 22:41:24,LTD04,S007,Gem Pack XXL,99.99,6480,2
P00000031,U000077,2025-10-20 11:33:50,LTD05,S007,Gem Pack XXL,99.99,6480,3
P00000032,U000077,2026-01-03 19:30:13,LTD09,S007,Gem Pack XXL,99.99,6480,4
P00000033,U000077,2026-01-09 21:54:05,LTD10,S007,Gem Pack XXL,99.99,6480,5
P00000034,U000077,2026-06-07 12:12:58,LTD17,S007,Gem Pack XXL,99.99,6480,6
P00000035,U000085,2026-06-12 17:32:24,LTD18,S006,Gem Pack XL,49.99,3280,1
P00000036,U000090,2026-01-13 20:47:51,LTD10,S002,Monthly Pass,4.99,600,1
P00000037,U000092,2025-07-25 08:41:59,LTD01,S006,Gem Pack XL,49.99,3280,1
P00000038,U000106,2026-04-23 11:22:37,LTD15,S007,Gem Pack XXL,99.99,6480,1
P00000039,U000126,2026-02-13 23:26:12,LTD11,S007,Gem Pack XXL,99.99,6480,1
P00000040,U000130,2026-02-12 12:06:59,LTD11,S007,Gem Pack XXL,99.99,6480,1
P00000041,U000132,2025-10-23 22:20:14,LTD06,S007,Gem Pack XXL,99.99,6480,1
P00000042,U000132,2025-12-15 12:49:04,LTD08,S007,Gem Pack XXL,99.99,6480,2
P00000043,U000132,2026-01-27 12:31:06,LTD11,S007,Gem Pack XXL,99.99,6480,3
P00000044,U000132,2026-02-22 16:39:16,LTD12,S007,Gem Pack XXL,99.99,6480,4
P00000045,U000132,2026-03-24 13:37:28,LTD13,S007,Gem Pack XXL,99.99,6480,5
P00000046,U000150,2026-04-30 21:45:10,LTD15,S007,Gem Pack XXL,99.99,6480,1
P00000047,U000150,2026-06-05 08:44:24,LTD17,S007,Gem Pack XXL,99.99,6480,2
P00000048,U000150,2026-06-27 11:43:51,LTD18,S007,Gem Pack XXL,99.99,6480,3
P00000049,U000152,2025-07-23 21:07:01,LTD01,S007,Gem Pack XXL,99.99,6480,1
P00000050,U000152,2026-06-17 09:34:52,LTD18,S007,Gem Pack XXL,99.99,6480,2
P00000051,U000166,2026-04-30 23:43:01,LTD15,S002,Monthly Pass,"4,99",600,1
P00000052,U000177,2025-08-17 23:43:04,LTD02,S002,Monthly Pass,4.99,600,1
P00000053,U000178,2025-10-03 12:21:22,LTD04,S007,Gem Pack XXL,99.99,6480,1
P00000054,U000178,2025-11-30 12:49:29,LTD07,S007,Gem Pack XXL,99.99,6480,2
P00000055,U000178,2026-05-12 14:11:24,LTD16,S007,Gem Pack XXL,99.99,6480,3
P00000056,U000178,2026-06-06 22:45:49,LTD17,S007,Gem Pack XXL,99.99,6480,4
P00000057,U000183,2026-01-08 13:47:16,LTD10,S007,Gem Pack XXL,99.99,6480,1
P00000058,U000183,2026-03-11 09:08:05,LTD13,S007,Gem Pack XXL,99.99,6480,2
P00000059,U000183,2026-03-29 21:34:26,LTD14,S007,Gem Pack XXL,99.99,6480,3
P00000060,U000193,2025-12-12 22:19:57,LTD08,S006,Gem Pack XL,49.99,3280,1
P00000061,U000197,2026-06-29 15:11:06,LTD18,S007,Gem Pack XXL,99.99,6480,1
P00000062,U000197,2026-06-29 15:49:24,LTD18,S007,Gem Pack XXL,99.99,6480,2
P00000063,U000224,2025-09-17 17:59:54,LTD04,S006,Gem Pack XL,49.99,3280,1
P00000064,U000232,2026-01-04 09:07:12,LTD09,S002,Monthly Pass,4.99,600,1
P00000065,U000233,2026-05-02 18:47:43,LTD16,S007,Gem Pack XXL,99.99,6480,1
P00000066,U000234,2025-10-02 21:17:14,LTD04,S006,Gem Pack XL,49.99,3280,1
P00000067,U000235,2026-02-15 18:56:16,LTD12,S007,Gem Pack XXL,99.99,6480,1
P00000068,U000274,2025-09-27 08:30:58,LTD04,S007,Gem Pack XXL,99.99,6480,1
P00000069,U000274,2026-03-09 18:07:04,LTD13,S007,Gem Pack XXL,99.99,6480,2
P00000070,U000274,2026-03-09 21:33:09,LTD13,S007,Gem Pack XXL,99.99,6480,3
P00000071,U000282,2025-09-03 14:54:56,LTD03,S002,Monthly Pass,4.99,600,1
P00000072,U000282,2025-09-03 22:05:09,LTD03,S002,Monthly Pass,4.99,600,2
P00000073,U000282,2026-02-12 11:56:30,LTD11,S002,Monthly Pass,4.99,600,3
P00000074,U000296,2025-08-02 15:52:10,LTD01,S007,Gem Pack XXL,99.99,6480,1
P00000075,U000296,2025-08-25 22:37:00,LTD03,S007,Gem Pack XXL,99.99,6480,2
P00000076,U000296,2025-12-19 19:52:52,LTD08,S007,Gem Pack XXL,99.99,6480,3
P00000077,U000296,2026-02-04 21:10:34,LTD11,S007,Gem Pack XXL,99.99,6480,4
P00000078,U000296,2026-02-04 11:18:16,LTD11,S007,Gem Pack XXL,99.99,6480,5
P00000079,U000296,2026-02-11 17:47:25,LTD11,S007,Gem Pack XXL,99.99,6480,6
P00000080,U000296,2026-02-11 20:13:52,LTD11,S004,Gem Pack M,14.99,980,7
P00000081,U000296,2026-04-14 14:39:49,LTD15,S007,Gem Pack XXL,99.99,6480,8
P00000082,U000296,2026-05-18 15:55:07,LTD16,S007,Gem Pack XXL,99.99,6480,9
P00000083,U000296,2026-06-09 11:50:35,LTD17,S007,Gem Pack XXL,99.99,6480,10
P00000084,U000301,2025-11-16 13:46:35,LTD07,S006,Gem Pack XL,49.99,3280,1
P00000085,U000310,2026-03-06 08:15:07,LTD12,S006,Gem Pack XL,49.99,3280,1
P00000086,U000312,2026-06-01 13:18:28,LTD17,S007,Gem Pack XXL,99.99,6480,1
P00000087,U000312,2026-06-29 15:37:33,LTD18,S007,Gem Pack XXL,99.99,6480,2
P00000088,U000330,2025-11-21 21:04:43,LTD07,S007,Gem Pack XXL,99.99,6480,1
P00000089,U000330,2025-11-29 22:50:05,LTD07,S007,Gem Pack XXL,99.99,6480,2
P00000090,U000330,2025-11-30 22:36:40,LTD07,S007,Gem Pack XXL,99.99,6480,3
P00000091,U000330,2026-06-13 23:49:10,LTD18,S007,Gem Pack XXL,99.99,6480,4
P00000092,U000336,2025-08-02 11:47:09,LTD01,S002,Monthly Pass,4.99,600,1
P00000093,U000336,2025-09-30 13:03:10,LTD04,S002,Monthly Pass,4.99,600,2
P00000094,U000352,2026-03-17 08:04:35,LTD13,S006,Gem Pack XL,49.99,3280,1
P00000095,U000353,2026-02-10 14:55:57,LTD11,S006,Gem Pack XL,49.99,3280,1
P00000096,U000366,2025-08-11 20:08:29,LTD02,S007,Gem Pack XXL,99.99,6480,1
P00000097,U000366,2025-09-15 21:31:29,LTD04,S007,Gem Pack XXL,99.99,6480,2
P00000098,U000366,2025-10-18 22:17:10,LTD05,S007,Gem Pack XXL,99.99,6480,3
P00000099,U000366,2025-12-10 13:25:30,LTD08,S007,Gem Pack XXL,99.99,6480,4
P00000100,U000366,2026-03-03 18:54:32,LTD12,S007,Gem Pack XXL,99.99,6480,5
P00000101,U000366,2026-03-21 15:23:02,BAD999,S007,Gem Pack XXL,99.99,6480,6
P00000102,U000366,2026-03-22 15:10:11,LTD13,S007,Gem Pack XXL,99.99,6480,7
P00000103,U000378,2026-05-24 16:04:38,LTD17,S007,Gem Pack XXL,99.99,6480,1
P00000104,U000378,2026-05-30 14:20:55,LTD17,S007,Gem Pack XXL,99.99,6480,2
P00000105,U000384,2026-06-03 15:47:52,LTD17,S007,Gem Pack XXL,99.99,6480,1
P00000106,U000388,2026-02-26 12:26:21,LTD12,S007,Gem Pack XXL,99.99,6480,1
P00000107,U000390,2026-05-21 11:41:06,LTD16,S007,Gem Pack XXL,99.99,6480,1
P00000108,U000390,2026-06-05 23:09:49,LTD17,S007,Gem Pack XXL,99.99,6480,2
P00000109,U000390,2026-06-05 18:13:32,LTD17,S007,Gem Pack XXL,99.99,6480,3
P00000110,U000404,2026-02-13 18:20:51,LTD11,S007,Gem Pack XXL,99.99,6480,1
P00000111,U000404,2026-02-13 16:47:49,LTD11,S007,Gem Pack XXL,99.99,6480,2
P00000112,U000405,2026-06-07 15:52:39,LTD17,S007,Gem Pack XXL,"99,99",6480,1
P00000113,U000450,2026-02-26 11:54:28,LTD12,S002,Monthly Pass,4.99,600,1
P00000114,U000469,2026-02-19 09:21:45,LTD12,S007,Gem Pack XXL,99.99,6480,1
P00000115,U000487,2025-12-04 12:16:01,LTD08,S006,Gem Pack XL,49.99,3280,1
P00000116,U000496,2025-09-07 13:18:38,LTD03,S006,Gem Pack XL,49.99,3280,1
P00000117,U000496,2025-12-27 18:02:03,LTD09,S006,Gem Pack XL,49.99,3280,2
P00000118,U000499,2026-02-25 19:20:04,LTD12,S007,Gem Pack XXL,99.99,6480,1
P00000119,U000513,2026-05-01 13:14:49,LTD15,S007,Gem Pack XXL,99.99,6480,1
P00000120,U000522,2026-06-25 11:13:52,LTD18,S007,Gem Pack XXL,99.99,6480,1
P00000121,U000522,2026-06-25 18:25:13,LTD18,S007,Gem Pack XXL,99.99,6480,2
P00000122,U000527,2026-04-14 10:26:28,LTD15,S007,Gem Pack XXL,99.99,6480,1
P00000123,U000527,2026-06-07 21:13:33,LTD17,S007,Gem Pack XXL,99.99,6480,2
P00000124,U000527,2026-06-12 12:40:12,LTD18,S007,Gem Pack XXL,99.99,6480,3
P00000125,U000533,2026-06-10 19:20:57,LTD18,S002,Monthly Pass,4.99,600,1
P00000126,U000543,2025-08-01 15:20:19,LTD01,S007,Gem Pack XXL,99.99,6480,1
P00000127,U000543,2025-08-04 09:21:47,LTD02,S007,Gem Pack XXL,99.99,6480,2
P00000128,U000543,2025-08-16 11:11:33,LTD02,S007,Gem Pack XXL,99.99,6480,3
P00000129,U000543,2026-03-02 09:17:48,LTD12,S007,Gem Pack XXL,99.99,6480,4
P00000130,U000543,2026-04-12 22:07:34,LTD14,S007,Gem Pack XXL,99.99,6480,5
P00000131,U000564,2026-06-26 19:44:20,LTD18,S002,Monthly Pass,4.99,600,1
P00000132,U000573,2026-04-15 20:39:32,LTD15,S006,Gem Pack XL,49.99,3280,1
P00000133,U000576,2026-01-21 23:50:55,LTD10,S006,Gem Pack XL,49.99,3280,1
P00000134,U000577,2025-12-01 09:30:17,LTD07,S006,Gem Pack XL,49.99,3280,1
P00000135,U000591,2026-06-27 14:02:33,LTD18,S007,Gem Pack XXL,99.99,6480,1
P00000136,U000591,2026-06-28 11:23:29,LTD18,S007,Gem Pack XXL,99.99,6480,2
P00000137,U000593,2025-08-09 21:56:18,LTD02,S007,Gem Pack XXL,99.99,6480,1
P00000138,U000593,2025-09-29 14:31:03,LTD04,S007,Gem Pack XXL,99.99,6480,2
P00000139,U000593,2025-11-24 18:18:00,LTD07,S007,Gem Pack XXL,99.99,6480,3
P00000140,U000620,2026-05-31 08:09:15,LTD17,S006,Gem Pack XL,49.99,3280,1
P00000141,U000650,2026-03-24 15:11:23,LTD13,S007,Gem Pack XXL,99.99,6480,1
P00000142,U000650,2026-04-29 09:32:01,LTD15,S007,Gem Pack XXL,99.99,6480,2
P00000143,U000650,2026-06-13 22:03:35,LTD18,S007,Gem Pack XXL,99.99,6480,3
P00000144,U000656,2025-12-28 13:34:33,LTD09,S002,Monthly Pass,4.99,600,1
P00000145,U000660,2025-12-29 23:20:48,LTD09,S007,Gem Pack XXL,99.99,6480,1
P00000146,U000660,2026-02-14 21:27:36,LTD12,S007,Gem Pack XXL,99.99,6480,2
P00000147,U000660,2026-04-06 13:48:58,LTD14,S007,Gem Pack XXL,99.99,6480,3
P00000148,U000667,2026-02-28 23:00:48,LTD12,S007,Gem Pack XXL,99.99,6480,1
P00000149,U000667,2026-03-06 09:35:08,LTD12,S007,Gem Pack XXL,99.99,6480,2
P00000150,U000695,2025-08-09 20:04:25,LTD02,S007,Gem Pack XXL,99.99,6480,1
P00000151,U000695,2025-08-29 13:12:40,LTD03,S007,Gem Pack XXL,99.99,6480,2
P00000152,U000695,2025-11-09 15:41:44,LTD06,S007,Gem Pack XXL,99.99,6480,3
P00000153,U000695,2025-12-11 11:03:10,LTD08,S007,Gem Pack XXL,99.99,6480,4
P00000154,U000695,2026-04-06 20:10:58,LTD14,S007,Gem Pack XXL,99.99,6480,5
P00000155,U000695,2026-06-10 08:19:36,LTD18,S007,Gem Pack XXL,99.99,6480,6
P00000156,U000705,2025-08-28 16:58:31,LTD03,S007,Gem Pack XXL,99.99,6480,1
P00000157,U000705,2025-09-06 17:02:15,LTD03,S007,Gem Pack XXL,99.99,6480,2
P00000158,U000705,2025-10-24 19:48:24,LTD06,S007,Gem Pack XXL,99.99,6480,3
P00000159,U000705,2025-11-07 16:20:23,LTD06,S007,Gem Pack XXL,99.99,6480,4
P00000160,U000705,2026-01-31 23:32:28,LTD11,S007,Gem Pack XXL,99.99,6480,5
P00000161,U000705,2026-02-23 08:18:44,LTD12,S007,Gem Pack XXL,99.99,6480,6
P00000162,U000705,2026-04-29 15:19:29,LTD15,S007,Gem Pack XXL,99.99,6480,7
P00000163,U000710,2026-01-09 22:05:07,LTD10,S006,Gem Pack XL,49.99,3280,1
P00000164,U000710,2026-02-28 13:40:30,LTD12,S006,Gem Pack XL,49.99,3280,2
P00000165,U000723,2026-01-25 18:51:13,LTD10,S006,Gem Pack XL,49.99,3280,1
P00000166,U000723,2026-06-04 12:01:33,LTD17,S006,Gem Pack XL,49.99,3280,2
P00000167,U000728,2026-06-19 10:14:41,LTD18,S002,Monthly Pass,4.99,600,1
P00000168,U000729,2025-10-01 12:49:00,LTD04,S006,Gem Pack XL,49.99,3280,1
P00000169,U000729,2025-10-06 21:27:34,LTD05,S004,Gem Pack M,14.99,980,2
P00000170,U000733,2026-06-29 23:02:11,LTD18,S002,Monthly Pass,4.99,600,1
P00000171,U000750,2026-03-04 12:54:27,LTD12,S007,Gem Pack XXL,99.99,6480,1
P00000172,U000774,2026-03-07 21:30:45,LTD13,S006,Gem Pack XL,49.99,3280,1
P00000173,U000780,2025-11-20 20:58:05,LTD07,S002,Monthly Pass,4.99,600,1
P00000174,U000785,2026-05-24 20:15:36,LTD17,S007,Gem Pack XXL,99.99,6480,1
P00000175,U000785,2026-06-27 19:27:48,LTD18,S007,Gem Pack XXL,99.99,6480,2
P00000176,U000785,2026-06-27 19:48:42,LTD18,S007,Gem Pack XXL,99.99,6480,3
P00000177,U000795,2026-06-27 13:53:30,LTD18,S006,Gem Pack XL,49.99,3280,1
P00000178,U000799,2025-08-26 20:53:13,LTD03,S007,Gem Pack XXL,99.99,6480,1
P00000179,U000813,2026-06-11 18:17:55,LTD18,S002,Monthly Pass,4.99,600,1
P00000180,U000820,2025-08-15 22:29:23,LTD02,S006,Gem Pack XL,49.99,3280,1
P00000181,U000820,2026-02-16 14:50:36,LTD12,S006,Gem Pack XL,49.99,3280,2
P00000182,U000831,2026-03-29 11:11:38,LTD14,S002,Monthly Pass,4.99,600,1
P00000183,U000875,2025-09-26 13:54:34,LTD04,S006,Gem Pack XL,49.99,3280,1
P00000184,U000887,2025-10-26 16:51:23,LTD06,S007,Gem Pack XXL,99.99,6480,1
P00000185,U000887,2026-05-06 19:51:04,LTD16,S007,Gem Pack XXL,99.99,6480,2
P00000186,U000887,2026-06-09 08:39:17,LTD17,S007,Gem Pack XXL,99.99,6480,3
P00000187,U000890,2026-06-29 13:23:30,LTD18,S006,Gem Pack XL,49.99,3280,1
P00000188,U000893,2026-01-24 14:33:49,LTD10,S007,Gem Pack XXL,99.99,6480,1
P00000189,U000893,2026-02-19 08:27:18,LTD12,S007,Gem Pack XXL,99.99,6480,2
P00000190,U000893,2026-06-04 08:16:49,LTD17,S007,Gem Pack XXL,99.99,6480,3
P00000191,U000893,2026-06-06 09:24:04,LTD17,S007,Gem Pack XXL,99.99,6480,4
P00000192,U000898,2025-07-20 12:48:27,LTD01,S007,Gem Pack XXL,99.99,6480,1
P00000193,U000898,2025-08-16 09:56:31,LTD02,S007,Gem Pack XXL,99.99,6480,2
P00000194,U000898,2025-09-02 17:38:37,LTD03,S007,Gem Pack XXL,99.99,6480,3
P00000195,U000898,2025-09-23 22:39:47,LTD04,S007,Gem Pack XXL,99.99,6480,4
P00000196,U000898,2025-11-24 18:45:14,LTD07,S007,Gem Pack XXL,99.99,6480,5
P00000197,U000902,2025-11-27 09:15:35,LTD07,S007,Gem Pack XXL,99.99,6480,1
P00000198,U000902,2025-12-01 11:27:35,LTD07,S007,Gem Pack XXL,99.99,6480,2
P00000199,U000902,2025-12-17 19:40:54,LTD08,S007,Gem Pack XXL,99.99,6480,3
P00000200,U000902,2025-12-26 08:07:27,LTD09,S007,Gem Pack XXL,99.99,6480,4
P00000201,U000902,2025-12-26 08:47:35,LTD09,S007,Gem Pack XXL,99.99,6480,5
P00000202,U000902,2026-04-03 23:10:25,LTD14,S007,Gem Pack XXL,99.99,6480,6
P00000203,U000902,2026-04-15 11:32:39,LTD15,S007,Gem Pack XXL,99.99,6480,7
P00000204,U000902,2026-04-16 21:00:06,LTD15,S007,Gem Pack XXL,99.99,6480,8
P00000205,U000902,2026-04-30 15:51:55,LTD15,S007,Gem Pack XXL,99.99,6480,9
P00000206,U000902,2026-05-04 18:13:52,LTD16,S007,Gem Pack XXL,99.99,6480,10
P00000207,U000902,2026-06-21 12:11:33,LTD18,S007,Gem Pack XXL,99.99,6480,11
P00000208,U000920,2025-12-11 20:59:02,LTD08,S006,Gem Pack XL,49.99,3280,1
P00000209,U000930,2026-01-31 19:00:06,LTD11,S007,Gem Pack XXL,99.99,6480,1
P00000210,U000930,2026-01-31 14:19:48,LTD11,S007,Gem Pack XXL,99.99,6480,2
P00000211,U000932,2025-08-22 15:05:01,LTD02,S006,Gem Pack XL,49.99,3280,1
P00000212,U000932,2026-03-22 10:58:40,LTD13,S006,Gem Pack XL,49.99,3280,2
P00000213,U000942,2026-03-30 23:07:55,LTD14,S002,Monthly Pass,4.99,600,1
P00000214,U000953,2025-12-18 12:51:18,LTD08,S002,Monthly Pass,4.99,600,1
P00000215,U000956,2026-06-25 09:12:37,LTD18,S006,Gem Pack XL,49.99,3280,1
P00000216,U000982,2025-09-26 19:25:48,LTD04,S002,Monthly Pass,4.99,600,1
P00000217,U000986,2025-11-16 16:41:53,LTD07,S002,Monthly Pass,4.99,600,1
P00000218,U000986,2026-03-28 11:31:00,LTD14,S002,Monthly Pass,4.99,600,2
P00000219,U001024,2025-10-01 16:11:22,LTD04,S007,Gem Pack XXL,99.99,6480,1
P00000220,U001024,2025-12-16 17:31:06,LTD08,S007,Gem Pack XXL,99.99,6480,2
P00000221,U001024,2025-12-16 09:59:11,LTD08,S007,Gem Pack XXL,99.99,6480,3
P00000222,U001024,2026-04-15 19:23:13,LTD15,S007,Gem Pack XXL,99.99,6480,4
P00000223,U001024,2026-06-26 19:50:01,LTD18,S007,Gem Pack XXL,99.99,6480,5
P00000224,U001029,2026-03-16 19:39:48,LTD13,S006,Gem Pack XL,49.99,3280,1
P00000225,U001036,2026-04-24 21:18:53,LTD15,S007,Gem Pack XXL,99.99,6480,1
P00000226,U001036,2026-05-04 13:33:27,LTD16,S007,Gem Pack XXL,99.99,6480,2
P00000227,U001058,2026-04-12 21:31:23,LTD14,S007,Gem Pack XXL,99.99,6480,1
P00000228,U001063,2026-06-09 10:47:00,LTD17,S006,Gem Pack XL,49.99,3280,1
P00000229,U001090,2025-12-24 08:41:17,LTD09,S007,Gem Pack XXL,99.99,6480,1
P00000230,U001090,2026-05-03 21:59:35,LTD16,S007,Gem Pack XXL,99.99,6480,2
P00000231,U001090,2026-05-07 12:16:58,LTD16,S007,Gem Pack XXL,99.99,6480,3
P00000232,U001100,2026-01-23 22:44:07,LTD10,S007,Gem Pack XXL,99.99,6480,1
P00000233,U001103,2026-03-06 10:38:33,LTD12,S006,Gem Pack XL,49.99,3280,1
P00000234,U001108,2026-03-16 21:32:53,LTD13,S002,Monthly Pass,4.99,600,1
P00000235,U001109,2025-09-08 14:06:39,LTD03,S007,Gem Pack XXL,99.99,6480,1
P00000236,U001136,2026-03-22 10:40:29,LTD13,S002,Monthly Pass,4.99,600,1
P00000237,U001138,2025-07-22 19:32:37,LTD01,S007,Gem Pack XXL,99.99,6480,1
P00000238,U001138,2025-07-22 15:11:19,LTD01,S007,Gem Pack XXL,99.99,6480,2
P00000239,U001138,2025-09-08 15:15:58,LTD03,S007,Gem Pack XXL,99.99,6480,3
P00000240,U001138,2025-11-29 18:18:23,LTD07,S007,Gem Pack XXL,99.99,6480,4
P00000241,U001138,2026-02-19 19:07:32,LTD12,S007,Gem Pack XXL,99.99,6480,5
P00000242,U001138,2026-05-12 09:47:46,LTD16,S007,Gem Pack XXL,99.99,6480,6
P00000243,U001143,2026-04-22 08:55:32,LTD15,S006,Gem Pack XL,49.99,3280,1
P00000244,U001145,2026-03-27 16:53:00,LTD14,S007,Gem Pack XXL,99.99,6480,1
P00000245,U001157,2025-11-08 20:23:06,LTD06,S006,Gem Pack XL,"49,99",3280,1
P00000246,U001158,2026-01-02 19:33:17,LTD09,S006,Gem Pack XL,49.99,3280,1
P00000247,U001160,2025-07-14 18:55:13,LTD01,S006,Gem Pack XL,49.99,3280,1
P00000248,U001160,2025-08-03 11:55:43,LTD02,S006,Gem Pack XL,49.99,3280,2
P00000249,U001160,2026-05-25 08:26:29,LTD17,S006,Gem Pack XL,49.99,3280,3
P00000250,U001161,2026-06-21 15:54:25,LTD18,S007,Gem Pack XXL,99.99,6480,1
P00000251,U001170,2026-03-19 21:37:16,LTD13,S007,Gem Pack XXL,99.99,6480,1
P00000252,U001170,2026-04-13 08:51:59,LTD15,S007,Gem Pack XXL,99.99,6480,2
P00000253,U001174,2025-07-27 18:41:31,LTD01,S007,Gem Pack XXL,99.99,6480,1
P00000254,U001174,2025-08-01 11:34:43,LTD01,S007,Gem Pack XXL,99.99,6480,2
P00000255,U001174,2025-08-08 10:53:56,LTD02,S007,Gem Pack XXL,"99,99",6480,3
P00000256,U001183,2026-04-17 09:50:26,LTD15,S006,Gem Pack XL,49.99,3280,1
P00000257,U001196,2026-02-11 16:49:59,LTD11,S007,Gem Pack XXL,99.99,6480,1
P00000258,U001196,2026-04-12 11:28:36,LTD14,S007,Gem Pack XXL,99.99,6480,2
P00000259,U001208,2025-11-09 10:31:58,LTD06,S006,Gem Pack XL,49.99,3280,1
P00000260,U001208,2025-12-01 15:58:12,LTD07,S006,Gem Pack XL,49.99,3280,2
P00000261,U001227,2026-06-22 13:45:29,LTD18,S002,Monthly Pass,4.99,600,1
P00000262,U001258,2025-08-22 13:40:36,LTD02,S006,Gem Pack XL,49.99,3280,1
P00000263,U001297,2026-05-21 22:00:13,LTD16,S006,Gem Pack XL,49.99,3280,1
P00000264,U001301,2026-04-13 08:31:25,LTD15,S007,Gem Pack XXL,99.99,6480,1
P00000265,U001308,2025-10-05 11:59:46,LTD05,S007,Gem Pack XXL,99.99,6480,1
P00000266,U001308,2026-01-07 17:39:48,LTD09,S007,Gem Pack XXL,99.99,6480,2
P00000267,U001308,2026-03-21 20:49:49,LTD13,S007,Gem Pack XXL,99.99,6480,3
P00000268,U001308,2026-04-19 13:33:57,LTD15,S007,Gem Pack XXL,99.99,6480,4
P00000269,U001310,2025-10-31 21:04:40,LTD06,S006,Gem Pack XL,49.99,3280,1
P00000270,U001316,2025-08-10 15:21:51,LTD02,S007,Gem Pack XXL,99.99,6480,1
P00000271,U001316,2025-08-17 22:24:45,LTD02,S007,Gem Pack XXL,99.99,6480,2
P00000272,U001316,2026-03-15 22:20:34,LTD13,S007,Gem Pack XXL,99.99,6480,3
P00000273,U001316,2026-03-28 11:59:02,LTD14,S007,Gem Pack XXL,99.99,6480,4
P00000274,U001319,2025-12-20 22:28:36,LTD09,S002,Monthly Pass,4.99,600,1
P00000275,U001327,2025-10-20 09:37:32,LTD05,S002,Monthly Pass,4.99,600,1
P00000276,U001341,2025-10-14 12:57:38,LTD05,S007,Gem Pack XXL,99.99,6480,1
P00000277,U001341,2025-11-03 09:35:41,LTD06,S007,Gem Pack XXL,99.99,6480,2
P00000278,U001341,2025-12-05 15:11:07,LTD08,S007,Gem Pack XXL,99.99,6480,3
P00000279,U001341,2025-09-22 10:00:00,LTD14,S007,Gem Pack XXL,99.99,6480,4
P00000280,U001341,2026-06-27 20:16:02,LTD18,S007,Gem Pack XXL,99.99,6480,5
P00000281,U001343,2026-01-13 17:42:17,LTD10,S006,Gem Pack XL,49.99,3280,1
P00000282,U001343,2026-06-23 23:35:50,LTD18,S006,Gem Pack XL,49.99,3280,2
P00000283,U001344,2025-12-17 10:00:20,LTD08,S007,Gem Pack XXL,99.99,6480,1
P00000284,U001344,2026-01-09 11:05:27,LTD10,S007,Gem Pack XXL,99.99,6480,2
P00000285,U001344,2026-05-29 17:58:17,LTD17,S007,Gem Pack XXL,99.99,6480,3
P00000286,U001370,2025-10-20 16:47:34,LTD05,S007,Gem Pack XXL,99.99,6480,1
P00000287,U001370,2026-06-06 15:23:33,LTD17,S007,Gem Pack XXL,99.99,6480,2
P00000288,U001403,2025-12-17 21:12:39,LTD08,S007,Gem Pack XXL,99.99,6480,1
P00000289,U999999,2025-12-18 20:52:46,LTD08,S007,Gem Pack XXL,99.99,6480,2
P00000290,U001403,2025-12-19 21:11:30,LTD08,S007,Gem Pack XXL,99.99,6480,3
P00000291,U001403,2025-12-27 08:54:52,LTD09,S004,Gem Pack M,14.99,980,4
P00000292,U001403,2025-12-27 23:26:41,LTD09,S002,Monthly Pass,4.99,600,5
P00000293,U001403,2026-01-06 15:29:40,LTD09,S007,Gem Pack XXL,99.99,6480,6
P00000294,U001403,2026-02-12 17:59:06,LTD11,S007,Gem Pack XXL,99.99,6480,7
P00000295,U001403,2026-03-26 18:16:14,LTD14,S007,Gem Pack XXL,99.99,6480,8
P00000296,U001403,2026-04-11 12:18:00,LTD14,S007,Gem Pack XXL,99.99,6480,9
P00000297,U001413,2026-05-22 10:20:27,LTD16,S007,Gem Pack XXL,99.99,6480,1
P00000298,U001422,2025-08-02 16:59:13,LTD01,S006,Gem Pack XL,49.99,3280,1
P00000299,U001427,2026-03-30 22:02:00,LTD14,S007,Gem Pack XXL,99.99,6480,1
P00000300,U001436,2026-01-06 17:09:45,LTD09,S007,Gem Pack XXL,99.99,6480,1
P00000301,U001436,2026-03-28 15:13:44,LTD14,S007,Gem Pack XXL,99.99,6480,2
P00000302,U001444,2026-04-02 23:48:20,LTD14,S007,Gem Pack XXL,99.99,6480,1
P00000303,U001444,2026-04-03 20:50:34,LTD14,S007,Gem Pack XXL,99.99,6480,2
P00000304,U001444,2026-04-07 18:35:47,LTD14,S007,Gem Pack XXL,99.99,6480,3
P00000305,U001444,2026-04-12 12:07:05,LTD14,S007,Gem Pack XXL,99.99,6480,4
P00000306,U001450,2026-04-11 12:58:37,LTD14,S006,Gem Pack XL,49.99,3280,1
P00000307,U001461,2026-01-23 20:43:27,LTD10,S007,Gem Pack XXL,99.99,6480,1
P00000308,U001479,2025-08-15 14:39:34,LTD02,S007,Gem Pack XXL,99.99,6480,1
P00000309,U001482,2025-11-15 22:20:29,LTD07,S002,Monthly Pass,4.99,600,1
P00000310,U001493,2025-10-02 19:20:52,LTD04,S002,Monthly Pass,4.99,600,1
P00000311,U001511,2026-06-09 12:54:16,LTD17,S007,Gem Pack XXL,99.99,6480,1
P00000312,U001532,2026-02-17 21:03:06,LTD12,S002,Monthly Pass,4.99,600,1
P00000313,U001536,2026-03-03 21:48:46,LTD12,S007,Gem Pack XXL,99.99,6480,1
P00000314,U001536,2026-05-09 18:03:07,LTD16,S007,Gem Pack XXL,99.99,6480,2
P00000315,U001544,2025-08-15 19:44:17,LTD02,S006,Gem Pack XL,49.99,3280,1
P00000316,U001544,2025-10-02 17:30:11,LTD04,S006,Gem Pack XL,49.99,3280,2
P00000317,U001552,2026-03-05 09:21:58,LTD12,S002,Monthly Pass,4.99,600,1
P00000318,U001556,2026-04-10 23:43:59,LTD14,S007,Gem Pack XXL,99.99,6480,1
P00000319,U001559,2026-06-07 12:40:38,LTD17,S002,Monthly Pass,4.99,600,1
P00000320,U001563,2025-09-11 20:58:13,LTD03,S007,Gem Pack XXL,99.99,6480,1
P00000321,U001563,2026-02-12 10:29:44,LTD11,S007,Gem Pack XXL,99.99,6480,2
P00000322,U001563,2026-03-26 12:44:12,LTD14,S007,Gem Pack XXL,99.99,6480,3
P00000323,U001573,2026-03-26 18:16:29,LTD14,S006,Gem Pack XL,49.99,3280,1
P00000324,U001575,2026-06-07 23:21:03,LTD17,S002,Monthly Pass,4.99,600,1
P00000325,U001575,2026-06-09 10:02:25,LTD17,S002,Monthly Pass,4.99,600,2
P00000326,U001580,2025-09-13 14:17:36,LTD04,S002,Monthly Pass,4.99,600,1
P00000327,U999999,2025-09-12 13:43:41,LTD03,S007,Gem Pack XXL,99.99,6480,1
P00000328,U001594,2026-02-07 14:00:02,LTD11,S007,Gem Pack XXL,99.99,6480,2
P00000329,U001609,2026-01-20 19:48:11,LTD10,S002,Monthly Pass,4.99,600,1
P00000330,U001633,2026-04-16 08:13:58,LTD15,S002,Monthly Pass,4.99,600,1
P00000331,U001640,2025-12-18 22:57:20,LTD08,S007,Gem Pack XXL,99.99,6480,1
P00000332,U001640,2026-02-15 17:58:10,LTD12,S007,Gem Pack XXL,99.99,6480,2
P00000333,U001640,2026-05-04 10:18:00,LTD16,S007,Gem Pack XXL,99.99,6480,3
P00000334,U001662,2025-09-25 17:14:47,LTD04,S007,Gem Pack XXL,99.99,6480,1
P00000335,U001662,2026-02-12 18:16:24,LTD11,S007,Gem Pack XXL,99.99,6480,2
P00000336,U001662,2026-06-22 18:48:06,LTD18,S007,Gem Pack XXL,99.99,6480,3
P00000337,U001672,2025-12-13 09:23:01,LTD08,S002,Monthly Pass,4.99,600,1
P00000338,U001672,2026-06-21 17:55:10,LTD18,S002,Monthly Pass,4.99,600,2
P00000339,U001681,2026-04-08 11:49:19,LTD14,S002,Monthly Pass,4.99,600,1
P00000340,U001700,2025-11-10 16:16:30,LTD06,S007,Gem Pack XXL,99.99,6480,1
P00000341,U001700,2025-12-22 22:05:06,LTD09,S007,Gem Pack XXL,99.99,6480,2
P00000342,U001721,2025-10-26 19:00:38,LTD06,S007,Gem Pack XXL,99.99,6480,1
P00000343,U001721,2025-11-12 20:43:13,LTD07,S007,Gem Pack XXL,"99,99",6480,2
P00000344,U001721,2025-12-14 10:39:58,LTD08,S007,Gem Pack XXL,99.99,6480,3
P00000345,U001721,2025-12-28 16:39:19,LTD09,S007,Gem Pack XXL,99.99,6480,4
P00000346,U001721,2026-01-30 10:10:07,LTD11,S007,Gem Pack XXL,99.99,6480,5
P00000347,U001733,2025-11-01 11:28:15,LTD06,S006,Gem Pack XL,49.99,3280,1
P00000348,U001756,2025-09-27 21:35:10,LTD04,S007,Gem Pack XXL,99.99,6480,1
P00000349,U001756,2025-11-08 14:36:35,LTD06,S007,Gem Pack XXL,99.99,6480,2
P00000350,U001756,2025-11-08 15:25:33,LTD06,S007,Gem Pack XXL,99.99,6480,3
P00000351,U001756,2026-06-02 16:38:00,LTD17,S007,Gem Pack XXL,99.99,6480,4
P00000352,U001756,2026-06-09 15:55:44,LTD17,S007,Gem Pack XXL,99.99,6480,5
P00000353,U001758,2025-07-22 11:51:30,LTD01,S007,Gem Pack XXL,99.99,6480,1
P00000354,U001758,2025-09-17 17:18:34,LTD04,S007,Gem Pack XXL,99.99,6480,2
P00000355,U001758,2026-06-24 11:57:59,LTD18,S007,Gem Pack XXL,99.99,6480,3
P00000356,U001759,2026-06-09 22:58:47,LTD17,S007,Gem Pack XXL,99.99,6480,1
P00000357,U001759,2026-06-10 12:51:31,LTD18,S007,Gem Pack XXL,99.99,6480,2
P00000358,U001766,2026-04-10 17:23:15,LTD14,S007,Gem Pack XXL,99.99,6480,1
P00000359,U001774,2025-12-21 14:02:55,LTD09,S007,Gem Pack XXL,99.99,6480,1
P00000360,U001774,2026-01-06 22:03:30,LTD09,S007,Gem Pack XXL,99.99,6480,2
P00000361,U001774,2026-03-04 17:29:54,LTD12,S007,Gem Pack XXL,99.99,6480,3
P00000362,U001774,2026-03-22 16:54:27,LTD13,S007,Gem Pack XXL,99.99,6480,4
P00000363,U001774,2026-03-23 10:20:52,LTD13,S007,Gem Pack XXL,99.99,6480,5
P00000364,U001778,2025-08-01 19:36:15,LTD01,S007,Gem Pack XXL,99.99,6480,1
P00000365,U001778,2025-11-14 23:27:10,LTD07,S007,Gem Pack XXL,99.99,6480,2
P00000366,U001778,2026-02-09 09:53:31,LTD11,S007,Gem Pack XXL,99.99,6480,3
P00000367,U001778,2026-03-17 17:54:41,LTD13,S007,Gem Pack XXL,99.99,6480,4
P00000368,U001778,2026-04-22 22:45:56,LTD15,S007,Gem Pack XXL,99.99,6480,5
P00000369,U001788,2025-11-28 12:48:49,LTD07,S007,Gem Pack XXL,99.99,6480,1
P00000370,U001788,2025-11-28 17:29:17,LTD07,S007,Gem Pack XXL,99.99,6480,2
P00000371,U001788,2026-03-26 13:28:42,LTD14,S007,Gem Pack XXL,99.99,6480,3
P00000372,U001811,2026-01-07 18:26:52,LTD09,S006,Gem Pack XL,49.99,3280,1
P00000373,U001812,2026-04-29 10:31:31,LTD15,S006,Gem Pack XL,49.99,3280,1
P00000374,U001835,2025-09-25 18:02:51,LTD04,S006,Gem Pack XL,49.99,3280,1
P00000375,U001835,2026-02-07 11:54:51,LTD11,S006,Gem Pack XL,49.99,3280,2
P00000376,U001839,2026-06-28 19:21:48,LTD18,S002,Monthly Pass,4.99,600,1
P00000377,U001840,2025-07-15 21:53:53,LTD01,S002,Monthly Pass,4.99,600,1
P00000378,U001845,2026-05-08 23:09:13,LTD16,S006,Gem Pack XL,49.99,3280,1
P00000379,U001851,2026-01-04 20:55:48,LTD09,S007,Gem Pack XXL,99.99,6480,1
P00000380,U001851,2026-01-07 10:03:18,LTD09,S007,Gem Pack XXL,99.99,6480,2
P00000381,U001851,2026-01-07 16:26:02,LTD09,S007,Gem Pack XXL,99.99,6480,3
P00000382,U001851,2026-06-04 17:55:55,LTD17,S007,Gem Pack XXL,99.99,6480,4
P00000383,U001851,2026-06-04 12:45:14,LTD17,S007,Gem Pack XXL,99.99,6480,5
P00000384,U001868,2025-11-10 20:10:55,LTD06,S002,Monthly Pass,4.99,600,1
P00000385,U001882,2025-09-15 17:51:55,LTD04,S006,Gem Pack XL,49.99,3280,1
P00000386,U001893,2025-11-29 23:53:59,LTD07,S006,Gem Pack XL,49.99,3280,1
P00000387,U001904,2026-01-14 14:13:02,LTD10,S002,Monthly Pass,4.99,600,1
P00000388,U001924,2026-02-03 10:52:54,LTD11,S007,Gem Pack XXL,99.99,6480,1
P00000389,U001924,2026-03-15 19:45:51,LTD13,S007,Gem Pack XXL,99.99,6480,2
P00000390,U001924,2026-04-12 23:25:13,LTD14,S007,Gem Pack XXL,99.99,6480,3
P00000391,U001932,2026-01-27 09:29:49,LTD11,S006,Gem Pack XL,49.99,3280,1
P00000392,U001936,2026-04-12 23:02:55,LTD14,S007,Gem Pack XXL,99.99,6480,1
P00000393,U001937,2026-03-15 16:32:51,LTD13,S007,Gem Pack XXL,99.99,6480,1
P00000394,U001937,2026-06-24 21:16:44,LTD18,S007,Gem Pack XXL,99.99,6480,2
P00000395,U001939,2026-02-14 17:33:40,LTD12,S006,Gem Pack XL,49.99,3280,1
P00000396,U001960,2025-11-12 20:14:17,LTD07,S007,Gem Pack XXL,99.99,6480,1
P00000397,U001960,2025-12-19 20:44:44,LTD08,S007,Gem Pack XXL,99.99,6480,2
P00000398,U001960,2026-03-16 21:31:12,LTD13,S007,Gem Pack XXL,99.99,6480,3
P00000399,U001960,2026-06-02 22:20:13,LTD17,S007,Gem Pack XXL,99.99,6480,4
P00000400,U001960,2026-06-04 12:30:46,LTD17,S007,Gem Pack XXL,99.99,6480,5
P00000401,U001966,2026-04-14 21:41:39,LTD15,S007,Gem Pack XXL,99.99,6480,1
P00000402,U001966,2026-05-15 15:48:59,LTD16,S007,Gem Pack XXL,99.99,6480,2
P00000403,U001970,2025-12-18 09:41:31,LTD08,S007,Gem Pack XXL,99.99,6480,1
P00000404,U001970,2026-02-21 13:21:06,LTD12,S007,Gem Pack XXL,99.99,6480,2
P00000405,U001970,2026-03-06 22:21:47,LTD12,S007,Gem Pack XXL,99.99,6480,3
P00000406,U001981,2025-07-21 10:50:24,LTD01,S007,Gem Pack XXL,99.99,6480,1
P00000407,U001981,2025-08-02 20:25:10,LTD01,S007,Gem Pack XXL,99.99,6480,2
P00000408,U001981,2025-12-18 17:06:31,LTD08,S007,Gem Pack XXL,99.99,6480,3
P00000409,U001992,2025-12-18 11:40:31,LTD08,S007,Gem Pack XXL,99.99,6480,1
P00000410,U001992,2026-01-24 08:38:44,LTD10,S007,Gem Pack XXL,99.99,6480,2
P00000411,U001993,2025-09-11 20:39:51,LTD03,S007,Gem Pack XXL,99.99,6480,1
P00000412,U001993,2025-12-13 22:05:02,LTD08,S007,Gem Pack XXL,99.99,6480,2
P00000413,U001993,2026-02-12 23:27:15,LTD11,S007,Gem Pack XXL,99.99,6480,3
P00000414,U001993,2026-02-12 22:41:53,LTD11,S007,Gem Pack XXL,99.99,6480,4
P00000415,U001993,2026-06-09 12:25:00,LTD17,S007,Gem Pack XXL,99.99,6480,5
P00000416,U002015,2025-10-20 13:11:16,LTD05,S007,Gem Pack XXL,99.99,6480,1
P00000417,U002015,2026-01-24 12:57:49,LTD10,S007,Gem Pack XXL,99.99,6480,2
P00000418,U002015,2026-02-11 18:16:02,LTD11,S007,Gem Pack XXL,99.99,6480,3
P00000419,U002018,2026-05-06 21:20:21,LTD16,S006,Gem Pack XL,49.99,3280,1
P00000420,U002025,2025-11-08 15:04:29,LTD06,S006,Gem Pack XL,49.99,3280,1
P00000421,U002025,2026-01-23 22:34:39,LTD10,S006,Gem Pack XL,49.99,3280,2
P00000422,U002048,2026-02-10 08:53:38,LTD11,S007,Gem Pack XXL,99.99,6480,1
P00000423,U002048,2026-02-14 15:23:57,LTD12,S007,Gem Pack XXL,99.99,6480,2
P00000424,U002048,2026-04-08 21:27:12,LTD14,S007,Gem Pack XXL,99.99,6480,3
P00000425,U002048,2026-04-22 13:02:51,LTD15,S007,Gem Pack XXL,99.99,6480,4
P00000426,U002064,2026-02-25 09:21:03,LTD12,S002,Monthly Pass,4.99,600,1
P00000427,U002066,2026-04-11 18:57:25,LTD14,S007,Gem Pack XXL,99.99,6480,1
P00000428,U002066,2026-04-16 08:22:58,LTD15,S007,Gem Pack XXL,99.99,6480,2
P00000429,U002074,2025-11-07 15:44:43,LTD06,S006,Gem Pack XL,49.99,3280,1
P00000430,U002075,2025-08-16 10:52:32,LTD02,S007,Gem Pack XXL,99.99,6480,1
P00000431,U002075,2026-03-24 11:42:30,LTD13,S007,Gem Pack XXL,99.99,6480,2
P00000432,U002075,2026-04-06 16:17:55,LTD14,S007,Gem Pack XXL,99.99,6480,3
P00000433,U002082,2026-04-15 08:52:56,LTD15,S002,Monthly Pass,4.99,600,1
P00000434,U002097,2025-09-14 14:07:28,LTD04,S007,Gem Pack XXL,99.99,6480,1
P00000435,U002097,2025-09-19 16:36:03,LTD04,S007,Gem Pack XXL,99.99,6480,2
P00000436,U002097,2025-12-12 08:09:13,LTD08,S007,Gem Pack XXL,99.99,6480,3
P00000437,U002097,2026-02-22 08:15:24,LTD12,S007,Gem Pack XXL,99.99,6480,4
P00000438,U002097,2026-03-16 20:20:00,LTD13,S007,Gem Pack XXL,99.99,6480,5
P00000439,U002097,2026-03-16 22:57:19,LTD13,S007,Gem Pack XXL,99.99,6480,6
P00000440,U002108,2026-06-01 21:38:21,LTD17,S002,Monthly Pass,4.99,600,1
P00000441,U002112,2025-08-24 13:28:07,LTD03,S002,Monthly Pass,4.99,600,1
P00000442,U002117,2026-04-02 09:54:39,LTD14,S002,Monthly Pass,4.99,600,1
P00000443,U002121,2026-02-12 11:07:38,LTD11,S002,Monthly Pass,"4,99",600,1
P00000444,U002176,2026-04-19 10:39:59,LTD15,S006,Gem Pack XL,49.99,3280,1
P00000445,U002195,2025-10-01 11:49:04,LTD04,S006,Gem Pack XL,49.99,3280,1
P00000446,U002195,2026-03-10 23:31:57,LTD13,S006,Gem Pack XL,49.99,3280,2
P00000447,U002199,2026-06-06 22:17:34,LTD17,S002,Monthly Pass,4.99,600,1
P00000448,U002202,2026-01-23 23:15:53,LTD10,S002,Monthly Pass,4.99,600,1
P00000449,U002203,2026-01-12 08:01:13,LTD10,S006,Gem Pack XL,49.99,3280,1
P00000450,U002203,2026-02-26 15:25:24,LTD12,S006,Gem Pack XL,49.99,3280,2
P00000451,U002207,2026-05-07 15:06:54,LTD16,S007,Gem Pack XXL,99.99,6480,1
P00000452,U002220,2025-10-17 11:49:20,LTD05,S006,Gem Pack XL,49.99,3280,1
P00000453,U002235,2025-12-20 16:31:50,LTD09,S007,Gem Pack XXL,99.99,6480,1
P00000454,U002235,2025-12-20 12:48:02,LTD09,S007,Gem Pack XXL,99.99,6480,2
P00000455,U002235,2026-01-29 10:50:34,LTD11,S007,Gem Pack XXL,99.99,6480,3
P00000456,U002242,2025-08-22 11:53:18,LTD02,S006,Gem Pack XL,49.99,3280,1
P00000457,U002242,2025-12-25 17:25:45,LTD09,S006,Gem Pack XL,49.99,3280,2
P00000458,U002265,2026-05-21 23:19:07,LTD16,S002,Monthly Pass,4.99,600,1
P00000459,U002270,2025-09-14 08:23:50,LTD04,S007,Gem Pack XXL,99.99,6480,1
P00000460,U002270,2026-01-14 19:07:25,LTD10,S007,Gem Pack XXL,99.99,6480,2
P00000461,U002270,2026-02-04 08:37:13,LTD11,S007,Gem Pack XXL,99.99,6480,3
P00000462,U002270,2026-02-21 15:43:38,LTD12,S007,Gem Pack XXL,99.99,6480,4
P00000463,U002270,2026-06-17 17:01:14,LTD18,S007,Gem Pack XXL,99.99,6480,5
P00000464,U002277,2026-03-25 14:45:42,LTD14,S006,Gem Pack XL,49.99,3280,1
P00000465,U002278,2025-08-22 13:30:11,LTD02,S006,Gem Pack XL,49.99,3280,1
P00000466,U002281,2026-05-13 22:14:32,LTD16,S006,Gem Pack XL,49.99,3280,1
P00000467,U002282,2026-04-22 08:57:27,LTD15,S007,Gem Pack XXL,99.99,6480,1
P00000468,U002282,2026-04-30 17:09:09,LTD15,S007,Gem Pack XXL,99.99,6480,2
P00000469,U002286,2026-04-13 18:44:23,LTD15,S007,Gem Pack XXL,99.99,6480,1
P00000470,U002294,2025-10-16 20:10:30,LTD05,S002,Monthly Pass,4.99,600,1
P00000471,U002307,2026-01-25 08:42:50,LTD10,S007,Gem Pack XXL,99.99,6480,1
P00000472,U002307,2026-05-21 09:39:52,LTD16,S007,Gem Pack XXL,99.99,6480,2
P00000473,U002307,2026-05-21 20:19:35,LTD16,S007,Gem Pack XXL,"99,99",6480,3
P00000474,U002307,2026-06-11 15:22:36,LTD18,S007,Gem Pack XXL,99.99,6480,4
P00000475,U002318,2025-12-02 19:25:47,LTD08,S007,Gem Pack XXL,99.99,6480,1
P00000476,U002318,2025-12-31 14:30:59,LTD09,S007,Gem Pack XXL,99.99,6480,2
P00000477,U002318,2026-04-01 23:14:05,LTD14,S007,Gem Pack XXL,99.99,6480,3
P00000478,U002318,2026-05-28 14:10:21,LTD17,S007,Gem Pack XXL,99.99,6480,4
P00000479,U002319,2026-06-22 23:19:41,LTD18,S006,Gem Pack XL,49.99,3280,1
P00000480,U002338,2026-03-27 21:21:12,LTD14,S006,Gem Pack XL,49.99,3280,1
P00000481,U002364,2026-05-03 13:49:14,LTD16,S006,Gem Pack XL,49.99,3280,1
P00000482,U002365,2025-10-22 22:29:34,LTD05,S007,Gem Pack XXL,99.99,6480,1
P00000483,U002365,2025-12-11 19:20:15,LTD08,S007,Gem Pack XXL,99.99,6480,2
P00000484,U002365,2026-02-01 08:03:49,LTD11,S007,Gem Pack XXL,"99,99",6480,3
P00000485,U002365,2026-06-07 09:59:05,LTD17,S007,Gem Pack XXL,99.99,6480,4
P00000486,U002372,2025-12-02 09:42:43,LTD08,S007,Gem Pack XXL,99.99,6480,1
P00000487,U002372,2025-12-21 21:14:42,LTD09,S007,Gem Pack XXL,99.99,6480,2
P00000488,U002375,2026-03-26 17:56:01,LTD14,S006,Gem Pack XL,49.99,3280,1
P00000489,U002382,2025-09-10 18:04:03,LTD03,S007,Gem Pack XXL,99.99,6480,1
P00000490,U002382,2025-09-15 11:57:28,LTD04,S007,Gem Pack XXL,99.99,6480,2
P00000491,U002382,2025-10-01 09:42:28,LTD04,S007,Gem Pack XXL,99.99,6480,3
P00000492,U002391,2025-11-26 19:59:19,LTD07,S007,Gem Pack XXL,99.99,6480,1
P00000493,U002391,2025-11-26 12:44:52,LTD07,S007,Gem Pack XXL,99.99,6480,2
P00000494,U002391,2026-04-14 11:37:13,LTD15,S007,Gem Pack XXL,99.99,6480,3
P00000495,U002391,2026-05-01 17:30:28,LTD15,S007,Gem Pack XXL,99.99,6480,4
P00000496,U002397,2026-02-19 12:12:08,LTD12,S002,Monthly Pass,4.99,600,1
P00000497,U002398,2026-03-08 18:52:42,LTD13,S007,Gem Pack XXL,99.99,6480,1
P00000498,U002399,2026-04-15 22:07:28,LTD15,S002,Monthly Pass,4.99,600,1
P00000499,U002403,2025-10-25 09:49:54,LTD06,S006,Gem Pack XL,49.99,3280,1
P00000500,U002403,2026-03-24 22:55:06,LTD13,S006,Gem Pack XL,49.99,3280,2
P00000501,U002421,2025-08-14 19:59:14,LTD02,S007,Gem Pack XXL,99.99,6480,1
P00000502,U002421,2025-10-25 23:52:29,LTD06,S007,Gem Pack XXL,99.99,6480,2
P00000503,U002421,2026-05-25 18:29:31,LTD17,S007,Gem Pack XXL,99.99,6480,3
P00000504,U002421,2026-06-07 10:28:27,LTD17,S007,Gem Pack XXL,99.99,6480,4
P00000505,U002437,2026-01-18 22:13:47,LTD10,S007,Gem Pack XXL,99.99,6480,1
P00000506,U002456,2025-11-14 14:01:08,LTD07,S006,Gem Pack XL,49.99,3280,1
P00000507,U002465,2025-10-24 18:29:48,LTD06,S006,Gem Pack XL,49.99,3280,1
P00000508,U002469,2025-09-10 18:44:39,LTD03,S006,Gem Pack XL,49.99,3280,1
P00000509,U002469,2026-03-30 10:49:17,LTD14,S006,Gem Pack XL,49.99,3280,2
P00000510,U002476,2026-05-31 10:04:43,LTD17,S006,Gem Pack XL,49.99,3280,1
P00000511,U002482,2026-01-11 22:24:38,LTD10,S006,Gem Pack XL,49.99,3280,1
P00000512,U002498,2026-01-19 11:12:38,LTD10,S002,Monthly Pass,4.99,600,1
P00000513,U002504,2026-04-11 09:40:37,LTD14,S002,Monthly Pass,4.99,600,1
P00000514,U002517,2026-01-15 20:25:38,LTD10,S007,Gem Pack XXL,99.99,6480,1
P00000515,U002517,2026-02-21 17:56:47,LTD12,S007,Gem Pack XXL,99.99,6480,2
P00000516,U002517,2026-03-05 19:12:35,LTD12,S007,Gem Pack XXL,99.99,6480,3
P00000517,U002518,2025-12-18 08:00:52,LTD08,S007,Gem Pack XXL,99.99,6480,1
P00000518,U002518,2026-06-09 14:02:36,LTD17,S007,Gem Pack XXL,99.99,6480,2
P00000519,U002518,2026-06-09 10:38:23,LTD17,S007,Gem Pack XXL,99.99,6480,3
P00000520,U002521,2025-12-01 14:40:03,LTD07,S002,Monthly Pass,4.99,600,1
P00000521,U002523,2025-10-07 20:05:21,LTD05,S007,Gem Pack XXL,99.99,6480,1
P00000522,U002523,2025-12-16 20:43:07,LTD08,S007,Gem Pack XXL,"99,99",6480,2
P00000523,U002550,2026-01-07 15:06:02,LTD09,S006,Gem Pack XL,49.99,3280,1
P00000524,U002582,2026-06-29 20:17:02,LTD18,S002,Monthly Pass,4.99,600,1
P00000525,U002598,2026-01-03 10:31:51,LTD09,S006,Gem Pack XL,49.99,3280,1
P00000526,U002598,2026-02-04 21:40:56,LTD11,S006,Gem Pack XL,49.99,3280,2
P00000527,U002600,2026-03-18 23:13:07,LTD13,S006,Gem Pack XL,49.99,3280,1
P00000528,U002603,2025-11-18 14:59:31,LTD07,S007,Gem Pack XXL,99.99,6480,1
P00000529,U002603,2025-11-19 15:31:17,LTD07,S007,Gem Pack XXL,99.99,6480,2
P00000530,U002603,2025-11-19 15:52:34,LTD07,S007,Gem Pack XXL,99.99,6480,3
P00000531,U002603,2025-12-16 12:05:44,LTD08,S007,Gem Pack XXL,99.99,6480,4
P00000532,U002603,2026-02-08 09:47:23,LTD11,S007,Gem Pack XXL,99.99,6480,5
P00000533,U002603,2026-02-08 20:24:08,LTD11,S007,Gem Pack XXL,99.99,6480,6
P00000534,U002606,2025-08-10 08:01:06,LTD02,S007,Gem Pack XXL,99.99,6480,1
P00000535,U002606,2025-12-18 14:20:08,LTD08,S007,Gem Pack XXL,99.99,6480,2
P00000536,U002611,2026-05-04 15:12:31,LTD16,S002,Monthly Pass,4.99,600,1
P00000537,U002613,2025-08-19 21:34:28,LTD02,S006,Gem Pack XL,49.99,3280,1
P00000538,U002613,2026-05-29 09:16:44,LTD17,S006,Gem Pack XL,49.99,3280,2
P00000539,U002623,2025-10-02 20:40:57,LTD04,S007,Gem Pack XXL,99.99,6480,1
P00000540,U002623,2025-10-21 21:46:40,LTD05,S007,Gem Pack XXL,99.99,6480,2
P00000541,U002623,2025-10-23 17:27:46,LTD06,S007,Gem Pack XXL,99.99,6480,3
P00000542,U002623,2026-01-24 16:59:00,LTD10,S007,Gem Pack XXL,99.99,6480,4
P00000543,U002623,2026-02-08 08:00:33,LTD11,S007,Gem Pack XXL,99.99,6480,5
P00000544,U002623,2026-02-23 12:12:49,LTD12,S007,Gem Pack XXL,99.99,6480,6
P00000545,U002624,2025-09-17 14:33:17,LTD04,S006,Gem Pack XL,49.99,3280,1
P00000546,U002624,2026-05-20 11:18:00,LTD16,S006,Gem Pack XL,49.99,3280,2
P00000547,U002631,2025-10-01 09:15:05,LTD04,S002,Monthly Pass,4.99,600,1
P00000548,U002635,2025-12-18 10:03:10,LTD08,S002,Monthly Pass,4.99,600,1
P00000549,U002651,2025-10-05 12:18:08,LTD05,S007,Gem Pack XXL,99.99,6480,1
P00000550,U002651,2026-05-11 12:52:38,LTD16,S007,Gem Pack XXL,99.99,6480,2
P00000551,U002653,2025-12-18 22:10:57,LTD08,S007,Gem Pack XXL,99.99,6480,1
P00000552,U002655,2025-10-24 17:43:32,LTD06,S007,Gem Pack XXL,99.99,6480,1
P00000553,U002655,2026-05-17 16:42:34,LTD16,S007,Gem Pack XXL,99.99,6480,2
P00000554,U002660,2025-08-05 22:33:06,LTD02,S006,Gem Pack XL,49.99,3280,1
P00000555,U002674,2026-02-03 17:59:55,LTD11,S007,Gem Pack XXL,99.99,6480,1
P00000556,U002674,2026-02-07 12:04:26,LTD11,S007,Gem Pack XXL,99.99,6480,2
P00000557,U002674,2026-02-11 19:46:13,LTD11,S007,Gem Pack XXL,99.99,6480,3
P00000558,U002676,2025-08-14 10:51:13,LTD02,S007,Gem Pack XXL,99.99,6480,1
P00000559,U002676,2025-12-10 21:25:13,LTD08,S007,Gem Pack XXL,"99,99",6480,2
P00000560,U002676,2025-12-28 23:39:19,LTD09,S007,Gem Pack XXL,99.99,6480,3
P00000561,U002676,2026-01-09 17:39:22,LTD10,S007,Gem Pack XXL,99.99,6480,4
P00000562,U002676,2026-06-17 10:51:36,LTD18,S007,Gem Pack XXL,99.99,6480,5
P00000563,U002687,2026-03-17 23:04:48,LTD13,S006,Gem Pack XL,49.99,3280,1
P00000564,U002691,2026-04-28 17:54:27,LTD15,S007,Gem Pack XXL,99.99,6480,1
P00000565,U002693,2025-09-28 09:02:54,LTD04,S002,Monthly Pass,4.99,600,1
P00000566,U002694,2026-04-29 12:02:54,LTD15,S006,Gem Pack XL,49.99,3280,1
P00000567,U002699,2025-09-13 13:36:41,LTD04,S007,Gem Pack XXL,99.99,6480,1
P00000568,U002699,2025-10-05 09:42:54,LTD05,S007,Gem Pack XXL,99.99,6480,2
P00000569,U002699,2026-01-30 17:52:22,LTD11,S007,Gem Pack XXL,99.99,6480,3
P00000570,U002699,2026-05-20 21:57:04,LTD16,S007,Gem Pack XXL,99.99,6480,4
P00000571,U002704,2025-10-05 21:13:32,LTD05,S002,Monthly Pass,4.99,600,1
P00000572,U002706,2026-06-06 13:55:32,LTD17,S006,Gem Pack XL,49.99,3280,1
P00000573,U002726,2025-08-27 10:40:01,LTD03,S007,Gem Pack XXL,99.99,6480,1
P00000574,U002729,2025-12-13 10:20:45,LTD08,S002,Monthly Pass,4.99,600,1
P00000575,U002739,2026-02-15 19:07:07,LTD12,S007,Gem Pack XXL,99.99,6480,1
P00000576,U002749,2026-02-21 08:27:07,LTD12,S006,Gem Pack XL,"49,99",3280,1
P00000577,U002777,2025-12-04 23:58:26,LTD08,S006,Gem Pack XL,49.99,3280,1
P00000578,U002790,2026-01-08 13:52:08,LTD10,S006,Gem Pack XL,49.99,3280,1
P00000579,U002792,2026-05-17 16:48:18,LTD16,S006,Gem Pack XL,49.99,3280,1
P00000580,U002800,2026-03-23 17:36:26,LTD13,S002,Monthly Pass,4.99,600,1
P00000581,U002804,2025-09-02 10:15:01,LTD03,S002,Monthly Pass,4.99,600,1
P00000582,U002811,2025-09-26 23:06:24,LTD04,S007,Gem Pack XXL,99.99,6480,1
P00000583,U002811,2025-10-01 10:02:38,LTD04,S007,Gem Pack XXL,"99,99",6480,2
P00000584,U002811,2025-10-05 22:08:08,LTD05,S007,Gem Pack XXL,99.99,6480,3
P00000585,U002816,2025-12-23 18:19:31,LTD09,S006,Gem Pack XL,49.99,3280,1
P00000586,U002829,2025-11-27 16:19:35,LTD07,S007,Gem Pack XXL,99.99,6480,1
P00000587,U002841,2026-01-18 08:35:36,LTD10,S006,Gem Pack XL,49.99,3280,1
P00000588,U002843,2025-11-18 23:30:18,LTD07,S006,Gem Pack XL,49.99,3280,1
P00000589,U002849,2025-09-10 19:47:31,LTD03,S007,Gem Pack XXL,99.99,6480,1
P00000590,U002849,2025-10-13 23:03:47,LTD05,S007,Gem Pack XXL,99.99,6480,2
P00000591,U002849,2025-10-19 08:44:06,LTD05,S007,Gem Pack XXL,99.99,6480,3
P00000592,U002849,2026-01-08 14:48:33,LTD10,S007,Gem Pack XXL,99.99,6480,4
P00000593,U002853,2025-09-10 17:09:03,LTD03,S007,Gem Pack XXL,99.99,6480,1
P00000594,U002853,2025-12-08 12:40:36,LTD08,S007,Gem Pack XXL,99.99,6480,2
P00000595,U002853,2025-12-31 08:38:18,LTD09,S007,Gem Pack XXL,99.99,6480,3
P00000596,U002866,2025-08-17 12:55:34,LTD02,S007,Gem Pack XXL,99.99,6480,1
P00000597,U002866,2025-08-17 22:34:56,LTD02,S007,Gem Pack XXL,99.99,6480,2
P00000598,U002866,2026-04-22 09:25:26,LTD15,S007,Gem Pack XXL,99.99,6480,3
P00000599,U002869,2026-01-22 20:01:20,LTD10,S007,Gem Pack XXL,99.99,6480,1
P00000600,U002869,2026-01-22 13:20:54,LTD10,S007,Gem Pack XXL,99.99,6480,2
P00000601,U002869,2026-02-25 11:08:23,LTD12,S007,Gem Pack XXL,99.99,6480,3
P00000602,U002869,2026-03-24 22:59:07,LTD13,S007,Gem Pack XXL,99.99,6480,4
P00000603,U002869,2026-03-24 14:13:33,LTD13,S007,Gem Pack XXL,99.99,6480,5
P00000604,U002869,2026-06-08 13:24:16,LTD17,S007,Gem Pack XXL,99.99,6480,6
P00000605,U002875,2026-06-24 08:01:20,LTD18,S007,Gem Pack XXL,99.99,6480,1
P00000606,U002875,2026-06-28 11:59:44,LTD18,S007,Gem Pack XXL,99.99,6480,2
P00000607,U002883,2025-08-12 09:47:32,LTD02,S007,Gem Pack XXL,99.99,6480,1
P00000608,U002883,2025-09-03 18:51:35,LTD03,S007,Gem Pack XXL,99.99,6480,2
P00000609,U002883,2025-10-02 12:51:14,LTD04,S007,Gem Pack XXL,99.99,6480,3
P00000610,U002883,2025-10-20 18:43:00,LTD05,S007,Gem Pack XXL,99.99,6480,4
P00000611,U002883,2025-11-27 10:38:08,LTD07,S007,Gem Pack XXL,99.99,6480,5
P00000612,U002894,2026-02-10 09:56:15,LTD11,S007,Gem Pack XXL,99.99,6480,1
P00000613,U002894,2026-06-27 13:18:15,LTD18,S007,Gem Pack XXL,99.99,6480,2
P00000614,U002915,2025-12-18 13:37:10,LTD08,S007,Gem Pack XXL,99.99,6480,1
P00000615,U002915,2026-03-22 18:02:27,LTD13,S007,Gem Pack XXL,99.99,6480,2
P00000616,U002917,2026-06-05 12:47:02,LTD17,S006,Gem Pack XL,49.99,3280,1
P00000617,U002939,2025-09-11 10:00:00,LTD07,S006,Gem Pack XL,49.99,3280,1
P00000618,U002965,2025-08-22 14:13:59,LTD02,S007,Gem Pack XXL,99.99,6480,1
P00000619,U002965,2025-09-28 08:44:53,LTD04,S007,Gem Pack XXL,99.99,6480,2
P00000620,U002965,2025-10-24 18:48:48,LTD06,S007,Gem Pack XXL,99.99,6480,3
P00000621,U002972,2026-02-28 18:51:34,LTD12,S007,Gem Pack XXL,99.99,6480,1
P00000622,U002972,2026-04-11 19:01:10,LTD14,S007,Gem Pack XXL,99.99,6480,2
P00000623,U002987,2026-06-09 21:45:46,LTD17,S007,Gem Pack XXL,99.99,6480,1
P00000624,U002992,2025-07-14 13:12:29,LTD01,S007,Gem Pack XXL,99.99,6480,1
P00000625,U002992,2025-07-18 17:10:56,LTD01,S007,Gem Pack XXL,99.99,6480,2
P00000626,U002992,2025-08-01 18:12:07,LTD01,S007,Gem Pack XXL,99.99,6480,3
P00000627,U002992,2025-08-02 16:12:09,LTD01,S007,Gem Pack XXL,99.99,6480,4
P00000628,U002993,2025-10-20 17:49:44,LTD05,S007,Gem Pack XXL,99.99,6480,1
P00000629,U002993,2025-11-02 09:28:34,LTD06,S007,Gem Pack XXL,99.99,6480,2
P00000630,U002993,2026-03-25 14:22:26,LTD14,S007,Gem Pack XXL,99.99,6480,3
P00000631,U002993,2026-06-08 14:59:49,LTD17,S007,Gem Pack XXL,99.99,6480,4
P00000632,U002993,2026-06-10 08:17:50,LTD18,S007,Gem Pack XXL,99.99,6480,5
P00000633,U003008,2026-04-04 23:41:24,LTD14,S002,Monthly Pass,4.99,600,1
P00000634,U003012,2026-05-04 14:54:06,LTD16,S007,Gem Pack XXL,99.99,6480,1
P00000635,U003012,2026-05-08 14:04:46,LTD16,S007,Gem Pack XXL,99.99,6480,2
P00000636,U003015,2026-02-15 16:09:43,LTD12,S002,Monthly Pass,4.99,600,1
P00000637,U003025,2025-08-21 08:52:00,LTD02,S006,Gem Pack XL,49.99,3280,1
P00000638,U003036,2025-12-16 23:58:56,LTD08,S007,Gem Pack XXL,99.99,6480,1
P00000639,U003036,2026-01-28 18:53:06,LTD11,S007,Gem Pack XXL,99.99,6480,2
P00000640,U003036,2026-06-24 08:43:04,LTD18,S007,Gem Pack XXL,99.99,6480,3
P00000641,U003038,2026-05-14 12:46:02,LTD16,S002,Monthly Pass,4.99,600,1
P00000642,U003049,2026-05-20 17:31:42,LTD16,S007,Gem Pack XXL,99.99,6480,1
P00000643,U003056,2025-07-14 19:25:46,LTD01,S006,Gem Pack XL,49.99,3280,1
P00000644,U003056,2025-12-22 14:48:34,LTD09,S006,Gem Pack XL,49.99,3280,2
P00000645,U003058,2025-12-22 19:27:47,LTD09,S006,Gem Pack XL,49.99,3280,1
P00000646,U003059,2026-04-22 10:19:03,LTD15,S006,Gem Pack XL,49.99,3280,1
P00000647,U003060,2026-05-20 14:12:20,LTD16,S007,Gem Pack XXL,99.99,6480,1
P00000648,U003060,2026-06-10 13:59:26,LTD18,S007,Gem Pack XXL,99.99,6480,2
P00000649,U003072,2025-08-28 14:41:31,LTD03,S002,Monthly Pass,4.99,600,1
P00000650,U003097,2025-08-09 10:57:47,LTD02,S007,Gem Pack XXL,99.99,6480,1
P00000651,U003097,2025-10-03 11:35:49,LTD04,S007,Gem Pack XXL,99.99,6480,2
P00000652,U003097,2025-11-21 13:31:15,LTD07,S007,Gem Pack XXL,99.99,6480,3
P00000653,U003097,2026-05-01 22:29:43,LTD15,S007,Gem Pack XXL,99.99,6480,4
P00000654,U003097,2026-05-14 17:57:58,LTD16,S007,Gem Pack XXL,99.99,6480,5
P00000655,U003097,2026-05-20 19:12:58,LTD16,S007,Gem Pack XXL,99.99,6480,6
P00000656,U003097,2026-05-29 11:33:59,LTD17,S004,Gem Pack M,14.99,980,7
P00000657,U003097,2026-05-29 11:50:01,LTD17,S002,Monthly Pass,4.99,600,8
P00000658,U003097,2026-06-13 20:46:12,LTD18,S007,Gem Pack XXL,99.99,6480,9
P00000659,U003115,2025-12-23 21:58:01,LTD09,S007,Gem Pack XXL,99.99,6480,1
P00000660,U003123,2026-05-13 14:47:24,LTD16,S006,Gem Pack XL,49.99,3280,1
P00000661,U003125,2025-12-31 09:00:21,LTD09,S007,Gem Pack XXL,99.99,6480,1
P00000662,U003125,2026-03-07 17:25:45,LTD13,S007,Gem Pack XXL,"99,99",6480,2
P00000663,U003133,2025-07-26 11:01:54,LTD01,S002,Monthly Pass,4.99,600,1
P00000664,U003135,2026-06-20 15:53:31,LTD18,S006,Gem Pack XL,49.99,3280,1
P00000665,U003158,2026-01-18 11:46:06,LTD10,S006,Gem Pack XL,49.99,3280,1
P00000666,U003199,2025-07-22 18:56:12,LTD01,S007,Gem Pack XXL,99.99,6480,1
P00000667,U003203,2025-11-14 18:40:25,LTD07,S007,Gem Pack XXL,99.99,6480,1
P00000668,U003203,2025-11-19 11:21:56,LTD07,S007,Gem Pack XXL,99.99,6480,2
P00000669,U003224,2026-02-02 16:19:46,LTD11,S007,Gem Pack XXL,99.99,6480,1
P00000670,U003224,2026-06-25 18:40:01,LTD18,S007,Gem Pack XXL,99.99,6480,2
P00000671,U003229,2026-05-29 10:33:10,LTD17,S007,Gem Pack XXL,99.99,6480,1
P00000672,U003232,2026-06-01 12:24:06,LTD17,S006,Gem Pack XL,"49,99",3280,1
P00000673,U003239,2026-06-17 14:53:37,LTD18,S007,Gem Pack XXL,99.99,6480,1
P00000674,U003242,2026-03-17 16:20:17,LTD13,S006,Gem Pack XL,49.99,3280,1
P00000675,U003247,2025-11-08 10:51:15,LTD06,S007,Gem Pack XXL,99.99,6480,1
P00000676,U003256,2026-05-15 11:23:37,LTD16,S006,Gem Pack XL,49.99,3280,1
P00000677,U003267,2025-10-04 16:27:37,LTD05,S002,Monthly Pass,4.99,600,1
P00000678,U003267,2026-06-14 16:13:34,LTD18,S002,Monthly Pass,4.99,600,2
P00000679,U003276,2026-06-09 08:07:54,LTD17,S006,Gem Pack XL,49.99,3280,1
P00000680,U003284,2026-02-23 19:50:14,LTD12,S002,Monthly Pass,4.99,600,1
P00000681,U003290,2025-11-02 08:29:56,LTD06,S006,Gem Pack XL,49.99,3280,1
P00000682,U003290,2026-05-09 23:30:14,LTD16,S006,Gem Pack XL,49.99,3280,2
P00000683,U003291,2025-08-05 10:00:00,LTD03,S002,Monthly Pass,4.99,600,1
P00000684,U003301,2025-08-16 15:25:11,LTD02,S007,Gem Pack XXL,99.99,6480,1
P00000685,U003301,2025-08-16 12:33:57,LTD02,S007,Gem Pack XXL,99.99,6480,2
P00000686,U003301,2025-09-05 16:13:25,LTD03,S007,Gem Pack XXL,99.99,6480,3
P00000687,U003301,2026-06-29 20:07:33,LTD18,S007,Gem Pack XXL,"99,99",6480,4
P00000688,U003332,2026-06-15 21:37:29,LTD18,S007,Gem Pack XXL,99.99,6480,1
P00000689,U003341,2026-06-10 11:47:41,LTD18,S007,Gem Pack XXL,99.99,6480,1
P00000690,U003344,2026-03-25 22:03:25,LTD14,S002,Monthly Pass,4.99,600,1
P00000691,U003359,2025-12-17 16:20:40,LTD08,S006,Gem Pack XL,49.99,3280,1
P00000692,U003370,2026-01-07 22:15:22,LTD09,S006,Gem Pack XL,49.99,3280,1
P00000693,U003379,2026-06-07 21:00:31,LTD17,S006,Gem Pack XL,49.99,3280,1
P00000694,U003395,2026-06-09 10:42:23,LTD17,S007,Gem Pack XXL,99.99,6480,1
P00000695,U003431,2026-04-20 19:10:27,LTD15,S007,Gem Pack XXL,99.99,6480,1
P00000696,U003431,2026-05-02 08:14:26,LTD16,S007,Gem Pack XXL,99.99,6480,2
P00000697,U003431,2026-05-02 21:36:53,LTD16,S007,Gem Pack XXL,99.99,6480,3
P00000698,U003431,2026-05-09 11:49:23,LTD16,S007,Gem Pack XXL,99.99,6480,4
P00000699,U003455,2025-10-27 17:43:54,LTD06,S007,Gem Pack XXL,99.99,6480,1
P00000700,U003455,2026-05-05 19:40:12,LTD16,S007,Gem Pack XXL,99.99,6480,2
P00000701,U003455,2026-06-14 08:29:23,LTD18,S007,Gem Pack XXL,99.99,6480,3
P00000702,U003463,2026-04-11 19:27:48,LTD14,S007,Gem Pack XXL,99.99,6480,1
P00000703,U003467,2025-09-13 18:57:11,LTD04,S007,Gem Pack XXL,99.99,6480,1
P00000704,U003467,2025-10-21 09:03:46,LTD05,S007,Gem Pack XXL,99.99,6480,2
P00000705,U003467,2026-06-25 11:45:12,LTD18,S007,Gem Pack XXL,99.99,6480,3
P00000706,U003487,2025-11-08 14:26:16,LTD06,S006,Gem Pack XL,49.99,3280,1
P00000707,U003490,2025-07-31 22:54:14,LTD01,S007,Gem Pack XXL,"99,99",6480,1
P00000708,U003490,2025-09-02 21:56:01,LTD03,S007,Gem Pack XXL,99.99,6480,2
P00000709,U003490,2025-10-26 12:15:00,LTD06,S007,Gem Pack XXL,99.99,6480,3
P00000710,U003490,2026-01-07 21:14:48,LTD09,S007,Gem Pack XXL,99.99,6480,4
P00000711,U003491,2026-04-05 23:50:52,LTD14,S007,Gem Pack XXL,99.99,6480,1
P00000712,U003491,2026-04-14 16:32:36,LTD15,S007,Gem Pack XXL,99.99,6480,2
P00000713,U003491,2026-04-14 15:56:54,LTD15,S007,Gem Pack XXL,99.99,6480,3
P00000714,U003491,2026-04-27 13:39:37,LTD15,S004,Gem Pack M,14.99,980,4
P00000715,U003491,2026-05-01 23:21:42,LTD15,S007,Gem Pack XXL,99.99,6480,5
P00000716,U003501,2025-12-15 22:23:07,LTD08,S006,Gem Pack XL,49.99,3280,1
P00000717,U003510,2025-10-21 15:43:46,LTD05,S006,Gem Pack XL,"49,99",3280,1
P00000718,U003515,2025-11-17 14:55:19,LTD07,S002,Monthly Pass,4.99,600,1
P00000719,U003525,2025-11-28 16:22:58,LTD07,S002,Monthly Pass,4.99,600,1
P00000720,U003528,2026-02-05 09:24:51,LTD11,S006,Gem Pack XL,49.99,3280,1
P00000721,U003548,2026-01-17 12:31:49,LTD10,S007,Gem Pack XXL,99.99,6480,1
P00000722,U003548,2026-02-05 15:06:08,LTD11,S007,Gem Pack XXL,99.99,6480,2
P00000723,U003561,2026-05-26 08:53:47,LTD17,S006,Gem Pack XL,49.99,3280,1
P00000724,U003593,2025-12-04 14:43:16,LTD08,S006,Gem Pack XL,"49,99",3280,1
P00000725,U003594,2026-04-30 19:39:08,LTD15,S007,Gem Pack XXL,99.99,6480,1
P00000726,U003594,2026-06-08 14:19:18,LTD17,S007,Gem Pack XXL,99.99,6480,2
P00000727,U003599,2025-09-30 17:54:31,LTD04,S002,Monthly Pass,4.99,600,1
P00000728,U003600,2026-05-20 23:56:17,LTD16,S007,Gem Pack XXL,99.99,6480,1
P00000729,U003600,2026-05-25 11:36:51,LTD17,S007,Gem Pack XXL,99.99,6480,2
P00000730,U003600,2026-05-30 21:30:22,LTD17,S007,Gem Pack XXL,99.99,6480,3
P00000731,U003607,2025-11-11 18:45:29,LTD07,S007,Gem Pack XXL,99.99,6480,1
P00000732,U003607,2025-11-13 23:06:16,LTD07,S007,Gem Pack XXL,99.99,6480,2
P00000733,U003607,2026-02-13 13:21:19,LTD11,S007,Gem Pack XXL,99.99,6480,3
P00000734,U003607,2026-03-05 23:23:40,LTD12,S007,Gem Pack XXL,99.99,6480,4
P00000735,U003607,2026-05-22 14:10:51,LTD16,S007,Gem Pack XXL,99.99,6480,5
P00000736,U003616,2025-09-14 21:34:13,LTD04,S006,Gem Pack XL,49.99,3280,1
P00000737,U003616,2026-05-20 23:48:05,LTD16,S006,Gem Pack XL,49.99,3280,2
P00000738,U003617,2026-06-23 19:41:15,LTD18,S007,Gem Pack XXL,99.99,6480,1
P00000739,U003617,2026-06-24 08:14:52,LTD18,S007,Gem Pack XXL,99.99,6480,2
P00000740,U003622,2026-03-07 16:48:42,LTD13,S002,Monthly Pass,4.99,600,1
P00000741,U003623,2025-12-30 08:06:04,LTD09,S007,Gem Pack XXL,99.99,6480,1
P00000742,U003629,2025-12-10 08:15:16,LTD08,S002,Monthly Pass,4.99,600,1
P00000743,U003637,2025-11-11 13:40:28,LTD07,S007,Gem Pack XXL,99.99,6480,1
P00000744,U003637,2026-03-22 08:53:52,LTD13,S007,Gem Pack XXL,99.99,6480,2
P00000745,U003649,2026-01-29 20:57:51,LTD11,S002,Monthly Pass,4.99,600,1
P00000746,U003650,2025-08-21 11:47:11,LTD02,S006,Gem Pack XL,49.99,3280,1
P00000747,U003655,2026-04-27 10:16:11,LTD15,S006,Gem Pack XL,49.99,3280,1
P00000748,U003660,2026-03-25 12:41:54,LTD14,S007,Gem Pack XXL,99.99,6480,1
P00000749,U003660,2026-04-13 16:32:18,LTD15,S007,Gem Pack XXL,99.99,6480,2
P00000750,U003664,2025-07-28 17:09:19,LTD01,S006,Gem Pack XL,49.99,3280,1
P00000751,U003667,2026-04-02 16:32:05,LTD14,S007,Gem Pack XXL,99.99,6480,1
P00000752,U003667,2026-05-06 20:17:28,LTD16,S007,Gem Pack XXL,99.99,6480,2
P00000753,U003667,2026-05-06 14:05:36,LTD16,S007,Gem Pack XXL,99.99,6480,3
P00000754,U003668,2025-08-01 14:30:12,LTD01,S007,Gem Pack XXL,99.99,6480,1
P00000755,U003668,2025-08-26 17:47:40,LTD03,S007,Gem Pack XXL,99.99,6480,2
P00000756,U003668,2026-01-23 09:39:50,LTD10,S007,Gem Pack XXL,99.99,6480,3
P00000757,U003668,2026-01-31 08:31:46,LTD11,S007,Gem Pack XXL,"99,99",6480,4
P00000758,U003668,2026-06-09 08:05:38,LTD17,S007,Gem Pack XXL,99.99,6480,5
P00000759,U003668,2026-06-09 22:30:16,LTD17,S007,Gem Pack XXL,99.99,6480,6
P00000760,U003672,2025-11-30 21:45:41,LTD07,S006,Gem Pack XL,49.99,3280,1
P00000761,U003679,2025-08-05 18:32:28,LTD02,S006,Gem Pack XL,49.99,3280,1
P00000762,U003684,2026-01-09 15:10:48,LTD10,S007,Gem Pack XXL,99.99,6480,1
P00000763,U003684,2026-01-10 12:23:05,LTD10,S007,Gem Pack XXL,99.99,6480,2
P00000764,U003684,2026-03-06 10:38:14,LTD12,S007,Gem Pack XXL,99.99,6480,3
P00000765,U003684,2026-04-23 10:08:57,LTD15,S007,Gem Pack XXL,99.99,6480,4
P00000766,U003685,2025-11-13 10:51:54,LTD07,S007,Gem Pack XXL,99.99,6480,1
P00000767,U003690,2026-02-12 08:34:43,LTD11,S007,Gem Pack XXL,99.99,6480,1
P00000768,U003690,2026-04-16 20:45:59,LTD15,S007,Gem Pack XXL,99.99,6480,2
P00000769,U003690,2026-06-26 14:05:18,LTD18,S007,Gem Pack XXL,99.99,6480,3
P00000770,U003694,2025-08-04 23:56:25,LTD02,S006,Gem Pack XL,49.99,3280,1
P00000771,U003708,2025-11-05 21:43:49,LTD06,S007,Gem Pack XXL,99.99,6480,1
P00000772,U003708,2025-11-23 14:11:17,LTD07,S007,Gem Pack XXL,99.99,6480,2
P00000773,U003719,2026-04-20 12:46:36,BAD999,S006,Gem Pack XL,49.99,3280,1
P00000774,U003723,2026-01-02 18:17:38,LTD09,S007,Gem Pack XXL,99.99,6480,1
P00000775,U003744,2026-06-28 23:03:49,LTD18,S007,Gem Pack XXL,99.99,6480,1
P00000776,U003745,2026-06-09 11:34:52,LTD17,S007,Gem Pack XXL,99.99,6480,1
P00000777,U003773,2025-11-12 12:42:26,LTD07,S007,Gem Pack XXL,99.99,6480,1
P00000778,U003802,2025-11-09 13:57:24,LTD06,S006,Gem Pack XL,49.99,3280,1
P00000779,U003809,2026-06-29 11:05:20,LTD18,S002,Monthly Pass,4.99,600,1
P00000780,U003817,2025-10-27 16:10:47,LTD06,S002,Monthly Pass,4.99,600,1
P00000781,U003825,2026-06-02 23:03:30,LTD17,S006,Gem Pack XL,49.99,3280,1
P00000782,U003833,2026-03-05 15:52:52,LTD12,S002,Monthly Pass,4.99,600,1
P00000783,U003836,2026-05-22 09:17:40,LTD16,S006,Gem Pack XL,49.99,3280,1
P00000784,U003846,2025-12-31 22:18:47,LTD09,S007,Gem Pack XXL,99.99,6480,1
P00000785,U003846,2026-04-12 18:08:28,LTD14,S007,Gem Pack XXL,99.99,6480,2
P00000786,U003853,2025-08-07 14:12:55,LTD02,S006,Gem Pack XL,49.99,3280,1
P00000787,U003855,2025-11-09 16:47:51,LTD06,S007,Gem Pack XXL,99.99,6480,1
P00000788,U003855,2026-06-01 22:43:50,LTD17,S007,Gem Pack XXL,99.99,6480,2
P00000789,U003881,2026-01-12 20:39:44,LTD10,S007,Gem Pack XXL,99.99,6480,1
P00000790,U003881,2026-03-05 16:35:48,LTD12,S007,Gem Pack XXL,99.99,6480,2
P00000791,U003883,2025-12-22 10:01:27,LTD09,S007,Gem Pack XXL,99.99,6480,1
P00000792,U003897,2026-06-01 22:15:48,LTD17,S007,Gem Pack XXL,99.99,6480,1
P00000793,U003897,2026-06-01 16:22:39,LTD17,S007,Gem Pack XXL,99.99,6480,2
P00000794,U003920,2025-09-01 15:11:45,LTD03,S007,Gem Pack XXL,99.99,6480,1
P00000795,U003922,2026-02-21 13:50:33,LTD12,S006,Gem Pack XL,49.99,3280,1
P00000796,U003948,2026-06-21 15:12:26,LTD18,S007,Gem Pack XXL,99.99,6480,1
P00000797,U003954,2025-08-04 22:23:37,LTD02,S007,Gem Pack XXL,99.99,6480,1
P00000798,U003954,2025-09-19 19:02:18,LTD04,S007,Gem Pack XXL,99.99,6480,2
P00000799,U003954,2025-10-05 17:57:52,LTD05,S007,Gem Pack XXL,99.99,6480,3
P00000800,U003954,2026-03-25 10:04:04,LTD14,S007,Gem Pack XXL,99.99,6480,4
P00000801,U003954,2026-04-25 18:32:30,LTD15,S007,Gem Pack XXL,99.99,6480,5
P00000802,U003961,2026-05-26 17:27:37,LTD17,S006,Gem Pack XL,49.99,3280,1
P00000803,U003961,2026-05-27 22:13:18,LTD17,S004,Gem Pack M,14.99,980,2
P00000804,U003969,2026-06-29 15:12:12,LTD18,S002,Monthly Pass,4.99,600,1
P00000805,U003978,2026-01-14 22:45:03,LTD10,S006,Gem Pack XL,49.99,3280,1
P00000806,U003989,2026-06-17 20:44:34,LTD18,S007,Gem Pack XXL,99.99,6480,1
P00000807,U003997,2026-01-01 13:43:37,LTD09,S007,Gem Pack XXL,99.99,6480,1
P00000808,U003997,2026-02-08 08:03:42,LTD11,S007,Gem Pack XXL,99.99,6480,2
P00000809,U003997,2026-02-10 11:34:48,LTD11,S007,Gem Pack XXL,99.99,6480,3
P00000810,U003997,2026-06-01 15:41:24,LTD17,S007,Gem Pack XXL,99.99,6480,4
P00000811,U004013,2025-12-31 08:56:27,LTD09,S006,Gem Pack XL,49.99,3280,1
P00000812,U004020,2026-05-08 21:54:11,LTD16,S007,Gem Pack XXL,99.99,6480,1
P00000813,U004029,2026-03-04 12:39:39,LTD12,S007,Gem Pack XXL,99.99,6480,1
P00000814,U004029,2026-03-23 11:58:13,LTD13,S007,Gem Pack XXL,99.99,6480,2
P00000815,U004029,2026-06-04 08:11:46,LTD17,S007,Gem Pack XXL,99.99,6480,3
P00000816,U004045,2026-01-13 18:38:24,LTD10,S002,Monthly Pass,4.99,600,1
P00000817,U004046,2026-01-25 18:02:34,LTD10,S002,Monthly Pass,4.99,600,1
P00000818,U004046,2026-01-25 21:06:20,LTD10,S002,Monthly Pass,4.99,600,2
P00000819,U004047,2026-05-22 08:07:48,LTD16,S007,Gem Pack XXL,99.99,6480,1
P00000820,U004054,2025-08-05 16:28:15,LTD02,S002,Monthly Pass,4.99,600,1
P00000821,U004060,2026-06-26 13:37:28,LTD18,S007,Gem Pack XXL,99.99,6480,1
P00000822,U004067,2026-02-24 14:07:06,LTD12,S007,Gem Pack XXL,99.99,6480,1
P00000823,U004067,2026-03-14 21:29:51,LTD13,S007,Gem Pack XXL,99.99,6480,2
P00000824,U004067,2026-04-11 22:33:12,LTD14,S007,Gem Pack XXL,99.99,6480,3
P00000825,U004085,2026-03-12 22:54:34,LTD13,S006,Gem Pack XL,49.99,3280,1
P00000826,U004091,2025-12-01 21:28:49,LTD07,S002,Monthly Pass,4.99,600,1
P00000827,U004102,2025-10-31 10:45:34,LTD06,S002,Monthly Pass,4.99,600,1
P00000828,U004114,2026-06-21 22:11:26,LTD18,S007,Gem Pack XXL,"99,99",6480,1
P00000829,U004116,2026-02-12 23:14:10,LTD11,S002,Monthly Pass,4.99,600,1
P00000830,U004139,2025-09-20 23:47:03,LTD04,S007,Gem Pack XXL,99.99,6480,1
P00000831,U004139,2025-11-24 14:51:08,LTD07,S007,Gem Pack XXL,99.99,6480,2
P00000832,U004139,2026-05-15 19:49:34,LTD16,S007,Gem Pack XXL,99.99,6480,3
P00000833,U004139,2026-06-03 12:30:50,LTD17,S007,Gem Pack XXL,99.99,6480,4
P00000834,U004152,2025-12-05 22:34:55,LTD08,S002,Monthly Pass,"4,99",600,1
P00000835,U004177,2025-12-29 23:28:41,LTD09,S006,Gem Pack XL,49.99,3280,1
P00000836,U004192,2026-06-24 19:36:21,LTD18,S002,Monthly Pass,4.99,600,1
P00000837,U004205,2026-06-07 08:10:22,LTD17,S002,Monthly Pass,4.99,600,1
P00000838,U004205,2026-06-27 10:14:27,LTD18,S002,Monthly Pass,4.99,600,2
P00000839,U004209,2026-01-03 21:19:14,LTD09,S007,Gem Pack XXL,"99,99",6480,1
P00000840,U004209,2026-01-25 11:09:12,LTD10,S007,Gem Pack XXL,99.99,6480,2
P00000841,U004217,2026-04-02 16:23:55,LTD14,S002,Monthly Pass,4.99,600,1
P00000842,U004217,2026-06-08 16:49:24,LTD17,S002,Monthly Pass,4.99,600,2
P00000843,U004228,2026-02-18 22:05:19,LTD12,S006,Gem Pack XL,49.99,3280,1
P00000844,U004232,2026-05-23 09:32:20,LTD17,S007,Gem Pack XXL,99.99,6480,1
P00000845,U004247,2025-11-09 09:44:57,LTD06,S007,Gem Pack XXL,99.99,6480,1
P00000846,U004247,2026-02-16 19:00:57,LTD12,S007,Gem Pack XXL,99.99,6480,2
P00000847,U004254,2025-10-02 19:35:16,LTD04,S007,Gem Pack XXL,99.99,6480,1
P00000848,U004254,2026-01-03 11:39:12,LTD09,S007,Gem Pack XXL,99.99,6480,2
P00000849,U004266,2026-05-23 08:03:51,LTD17,S007,Gem Pack XXL,99.99,6480,1
P00000850,U004281,2026-04-08 16:57:20,LTD14,S007,Gem Pack XXL,99.99,6480,1
P00000851,U004281,2026-06-09 16:48:16,LTD17,S007,Gem Pack XXL,99.99,6480,2
P00000852,U004281,2026-06-28 23:49:12,LTD18,S007,Gem Pack XXL,99.99,6480,3
P00000853,U004302,2026-02-06 13:52:42,LTD11,S002,Monthly Pass,4.99,600,1
P00000854,U004303,2026-03-15 13:05:28,LTD13,S007,Gem Pack XXL,99.99,6480,1
P00000855,U004303,2026-03-15 11:47:41,LTD13,S007,Gem Pack XXL,99.99,6480,2
P00000856,U004303,2026-04-08 20:37:59,LTD14,S007,Gem Pack XXL,99.99,6480,3
P00000857,U004304,2026-03-05 08:41:08,LTD12,S006,Gem Pack XL,49.99,3280,1
P00000858,U004305,2026-06-07 16:54:50,LTD17,S007,Gem Pack XXL,99.99,6480,1
P00000859,U004323,2026-06-08 23:51:01,LTD17,S006,Gem Pack XL,49.99,3280,1
P00000860,U004324,2025-09-17 08:25:00,LTD04,S006,Gem Pack XL,49.99,3280,1
P00000861,U004324,2026-02-22 17:26:27,LTD12,S006,Gem Pack XL,49.99,3280,2
P00000862,U004325,2026-03-12 17:01:51,LTD13,S002,Monthly Pass,4.99,600,1
P00000863,U004331,2025-12-14 09:37:01,LTD08,S007,Gem Pack XXL,99.99,6480,1
P00000864,U004331,2026-01-26 14:13:44,LTD11,S007,Gem Pack XXL,99.99,6480,2
P00000865,U004331,2026-02-08 12:53:03,LTD11,S007,Gem Pack XXL,99.99,6480,3
P00000866,U004331,2026-02-13 10:48:29,LTD11,S007,Gem Pack XXL,99.99,6480,4
P00000867,U004350,2025-09-08 09:11:12,LTD03,S006,Gem Pack XL,49.99,3280,1
P00000868,U004364,2025-10-03 17:26:37,LTD04,S007,Gem Pack XXL,99.99,6480,1
P00000869,U004364,2025-11-10 13:22:43,LTD06,S007,Gem Pack XXL,99.99,6480,2
P00000870,U004364,2026-03-08 23:54:54,LTD13,S007,Gem Pack XXL,99.99,6480,3
P00000871,U004365,2026-01-06 23:22:38,LTD09,S007,Gem Pack XXL,99.99,6480,1
P00000872,U004365,2026-02-20 22:34:46,LTD12,S007,Gem Pack XXL,99.99,6480,2
P00000873,U004365,2026-05-20 19:38:27,LTD16,S007,Gem Pack XXL,99.99,6480,3
P00000874,U004372,2026-03-13 17:56:38,LTD13,S007,Gem Pack XXL,99.99,6480,1
P00000875,U004372,2026-06-28 10:43:43,LTD18,S007,Gem Pack XXL,99.99,6480,2
P00000876,U004381,2025-09-22 18:22:18,LTD04,S002,Monthly Pass,4.99,600,1
P00000877,U004383,2025-07-15 18:53:33,LTD01,S007,Gem Pack XXL,99.99,6480,1
P00000878,U004383,2025-12-01 10:06:15,LTD07,S007,Gem Pack XXL,99.99,6480,2
P00000879,U004383,2026-03-27 09:32:06,LTD14,S007,Gem Pack XXL,99.99,6480,3
P00000880,U004388,2025-07-16 14:00:51,LTD01,S007,Gem Pack XXL,99.99,6480,1
P00000881,U004388,2025-07-17 23:53:43,LTD01,S007,Gem Pack XXL,99.99,6480,2
P00000882,U004388,2025-10-03 10:09:54,LTD04,S007,Gem Pack XXL,99.99,6480,3
P00000883,U004388,2026-01-19 22:32:46,LTD10,S007,Gem Pack XXL,99.99,6480,4
P00000884,U004388,2026-01-19 20:29:15,LTD10,S007,Gem Pack XXL,99.99,6480,5
P00000885,U004388,2026-03-22 16:49:33,LTD13,S007,Gem Pack XXL,99.99,6480,6
P00000886,U004402,2026-01-11 18:31:27,LTD10,S007,Gem Pack XXL,99.99,6480,1
P00000887,U004402,2026-02-06 13:17:15,LTD11,S007,Gem Pack XXL,99.99,6480,2
P00000888,U004402,2026-02-27 14:58:24,LTD12,S007,Gem Pack XXL,99.99,6480,3
P00000889,U004402,2026-04-17 21:05:44,LTD15,S007,Gem Pack XXL,99.99,6480,4
P00000890,U004405,2026-05-03 14:43:21,LTD16,S006,Gem Pack XL,49.99,3280,1
P00000891,U004413,2025-11-17 22:38:27,LTD07,S007,Gem Pack XXL,99.99,6480,1
P00000892,U004413,2026-01-25 10:05:21,LTD10,S007,Gem Pack XXL,99.99,6480,2
P00000893,U004413,2026-03-16 09:46:08,LTD13,S007,Gem Pack XXL,99.99,6480,3
P00000894,U004413,2026-05-01 10:05:03,LTD15,S007,Gem Pack XXL,99.99,6480,4
P00000895,U004420,2026-04-30 16:48:50,LTD15,S007,Gem Pack XXL,99.99,6480,1
P00000896,U004427,2025-09-14 11:01:48,LTD04,S007,Gem Pack XXL,99.99,6480,1
P00000897,U004427,2025-12-21 15:34:44,LTD09,S007,Gem Pack XXL,99.99,6480,2
P00000898,U004441,2026-06-08 10:41:34,LTD17,S007,Gem Pack XXL,99.99,6480,1
P00000899,U004448,2026-03-21 17:04:26,LTD13,S007,Gem Pack XXL,99.99,6480,1
P00000900,U004448,2026-03-21 10:55:15,LTD13,S007,Gem Pack XXL,99.99,6480,2
P00000901,U004449,2025-10-13 22:44:08,LTD05,S002,Monthly Pass,4.99,600,1
P00000902,U004461,2025-09-24 12:06:10,LTD04,S002,Monthly Pass,4.99,600,1
P00000903,U004463,2025-10-22 08:31:55,LTD05,S002,Monthly Pass,4.99,600,1
P00000904,U004474,2026-04-12 10:49:39,LTD14,S002,Monthly Pass,4.99,600,1
P00000905,U004479,2025-12-27 16:49:46,LTD09,S007,Gem Pack XXL,99.99,6480,1
P00000906,U004479,2026-05-07 12:44:40,LTD16,S007,Gem Pack XXL,99.99,6480,2
P00000907,U004479,2026-05-07 08:59:22,LTD16,S007,Gem Pack XXL,99.99,6480,3
P00000908,U004490,2025-07-24 16:26:07,LTD01,S007,Gem Pack XXL,99.99,6480,1
P00000909,U004490,2025-09-28 14:28:23,LTD04,S007,Gem Pack XXL,99.99,6480,2
P00000910,U004490,2025-10-29 18:17:36,LTD06,S007,Gem Pack XXL,99.99,6480,3
P00000911,U004490,2025-12-18 10:47:03,LTD08,S007,Gem Pack XXL,99.99,6480,4
P00000912,U004490,2026-01-01 22:56:11,LTD09,S007,Gem Pack XXL,99.99,6480,5
P00000913,U004490,2026-04-15 20:04:11,LTD15,S007,Gem Pack XXL,99.99,6480,6
P00000914,U004495,2026-04-29 10:13:51,LTD15,S002,Monthly Pass,4.99,600,1
P00000915,U004499,2026-01-21 11:56:54,LTD10,S007,Gem Pack XXL,99.99,6480,1
P00000916,U004527,2025-12-21 14:49:03,LTD09,S006,Gem Pack XL,49.99,3280,1
P00000917,U004534,2026-01-25 12:02:13,LTD10,S002,Monthly Pass,4.99,600,1
P00000918,U004540,2025-10-25 10:51:18,LTD06,S006,Gem Pack XL,49.99,3280,1
P00000919,U004550,2026-05-30 13:56:13,LTD17,S002,Monthly Pass,4.99,600,1
P00000920,U004562,2026-05-18 17:12:47,LTD16,S007,Gem Pack XXL,99.99,6480,1
P00000921,U004570,2025-12-18 11:24:52,LTD08,S007,Gem Pack XXL,99.99,6480,1
P00000922,U004578,2025-09-10 20:35:57,LTD03,S002,Monthly Pass,4.99,600,1
P00000923,U004578,2026-06-27 18:29:41,LTD18,S002,Monthly Pass,4.99,600,2
P00000924,U004580,2026-06-03 19:50:19,LTD17,S006,Gem Pack XL,49.99,3280,1
P00000925,U004585,2025-09-11 18:21:30,LTD03,S007,Gem Pack XXL,99.99,6480,1
P00000926,U004585,2025-11-23 18:22:30,LTD07,S007,Gem Pack XXL,99.99,6480,2
P00000927,U004585,2026-02-01 19:12:11,LTD11,S007,Gem Pack XXL,99.99,6480,3
P00000928,U004585,2026-05-24 14:32:13,LTD17,S007,Gem Pack XXL,99.99,6480,4
P00000929,U004587,2026-04-04 21:04:59,LTD14,S007,Gem Pack XXL,99.99,6480,1
P00000930,U004594,2026-05-30 09:46:05,LTD17,S006,Gem Pack XL,49.99,3280,1
P00000931,U004622,2025-10-25 13:58:40,LTD06,S007,Gem Pack XXL,99.99,6480,1
P00000932,U004622,2025-10-25 17:45:45,LTD06,S007,Gem Pack XXL,99.99,6480,2
P00000933,U004622,2025-11-19 08:00:50,LTD07,S007,Gem Pack XXL,99.99,6480,3
P00000934,U004625,2025-12-11 11:56:26,LTD08,S007,Gem Pack XXL,99.99,6480,1
P00000935,U004625,2026-01-18 18:50:46,LTD10,S007,Gem Pack XXL,99.99,6480,2
P00000936,U004625,2026-03-22 16:28:14,LTD13,S007,Gem Pack XXL,99.99,6480,3
P00000937,U004637,2026-04-11 09:48:49,LTD14,S006,Gem Pack XL,49.99,3280,1
P00000938,U004655,2025-12-21 18:24:00,LTD09,S007,Gem Pack XXL,99.99,6480,1
P00000939,U004655,2025-12-21 23:50:19,LTD09,S007,Gem Pack XXL,99.99,6480,2
P00000940,U004655,2026-01-05 16:11:50,LTD09,S007,Gem Pack XXL,99.99,6480,3
P00000941,U004655,2026-01-12 14:49:49,LTD10,S007,Gem Pack XXL,99.99,6480,4
P00000942,U004655,2026-02-14 14:10:43,LTD12,S007,Gem Pack XXL,99.99,6480,5
P00000943,U004655,2026-03-26 11:54:35,LTD14,S007,Gem Pack XXL,99.99,6480,6
P00000944,U004655,2026-04-13 23:51:33,LTD15,S007,Gem Pack XXL,99.99,6480,7
P00000945,U004657,2025-11-21 14:38:53,LTD07,S007,Gem Pack XXL,99.99,6480,1
P00000946,U004657,2025-12-12 23:17:11,LTD08,S007,Gem Pack XXL,99.99,6480,2
P00000947,U004670,2026-06-01 21:42:28,LTD17,S002,Monthly Pass,4.99,600,1
P00000948,U004677,2026-04-22 12:32:26,LTD15,S002,Monthly Pass,4.99,600,1
P00000949,U004698,2025-08-27 12:40:34,LTD03,S002,Monthly Pass,4.99,600,1
P00000950,U004702,2025-08-21 21:01:31,LTD02,S006,Gem Pack XL,49.99,3280,1
P00000951,U004704,2026-03-10 09:56:21,LTD13,S006,Gem Pack XL,49.99,3280,1
P00000952,U004705,2025-10-03 15:15:46,LTD04,S002,Monthly Pass,4.99,600,1
P00000953,U004708,2025-09-05 17:38:54,LTD03,S002,Monthly Pass,4.99,600,1
P00000954,U004708,2026-03-24 17:00:29,LTD13,S002,Monthly Pass,4.99,600,2
P00000955,U004730,2026-06-09 23:25:19,LTD17,S006,Gem Pack XL,49.99,3280,1
P00000956,U004731,2026-02-11 20:53:22,LTD11,S007,Gem Pack XXL,99.99,6480,1
P00000957,U004731,2026-03-01 12:12:32,LTD12,S007,Gem Pack XXL,99.99,6480,2
P00000958,U004746,2026-05-06 21:51:09,LTD16,S002,Monthly Pass,4.99,600,1
P00000959,U004751,2025-11-30 17:19:08,LTD07,S002,Monthly Pass,4.99,600,1
P00000960,U999999,2025-08-01 13:24:34,LTD01,S006,Gem Pack XL,49.99,3280,1
P00000961,U004758,2025-11-30 09:18:58,LTD07,S006,Gem Pack XL,49.99,3280,1
P00000962,U004771,2026-03-01 10:58:47,LTD12,S002,Monthly Pass,4.99,600,1
P00000963,U004774,2025-07-20 09:19:02,LTD01,S007,Gem Pack XXL,99.99,6480,1
P00000964,U004774,2025-07-23 12:07:08,LTD01,S007,Gem Pack XXL,99.99,6480,2
P00000965,U004774,2025-10-23 19:35:07,LTD06,S007,Gem Pack XXL,99.99,6480,3
P00000966,U004774,2025-12-25 10:28:00,LTD09,S007,Gem Pack XXL,99.99,6480,4
P00000967,U004774,2026-04-04 21:16:53,LTD14,S007,Gem Pack XXL,99.99,6480,5
P00000968,U004774,2026-06-15 12:00:09,BAD999,S007,Gem Pack XXL,99.99,6480,6
P00000969,U004787,2025-12-06 17:24:03,LTD08,S007,Gem Pack XXL,99.99,6480,1
P00000970,U004787,2025-12-18 13:14:31,LTD08,S007,Gem Pack XXL,99.99,6480,2
P00000971,U004787,2025-12-19 13:46:23,LTD08,S007,Gem Pack XXL,99.99,6480,3
P00000972,U004787,2026-01-28 20:03:42,LTD11,S007,Gem Pack XXL,99.99,6480,4
P00000973,U004787,2026-03-12 10:21:39,LTD13,S007,Gem Pack XXL,99.99,6480,5
P00000974,U004787,2026-04-19 14:06:34,LTD15,S007,Gem Pack XXL,99.99,6480,6
P00000975,U004787,2026-05-09 18:30:19,LTD16,S007,Gem Pack XXL,99.99,6480,7
P00000976,U004787,2026-05-25 23:32:05,LTD17,S007,Gem Pack XXL,99.99,6480,8
P00000977,U004787,2026-05-27 17:53:39,LTD17,S007,Gem Pack XXL,99.99,6480,9
P00000978,U004789,2025-08-16 19:36:04,LTD02,S007,Gem Pack XXL,99.99,6480,1
P00000979,U004789,2025-08-24 10:51:36,LTD03,S007,Gem Pack XXL,99.99,6480,2
P00000980,U004789,2025-10-07 18:23:08,LTD05,S007,Gem Pack XXL,99.99,6480,3
P00000981,U004789,2025-11-08 22:41:51,LTD06,S007,Gem Pack XXL,99.99,6480,4
P00000982,U004789,2025-12-24 12:59:17,LTD09,S007,Gem Pack XXL,99.99,6480,5
P00000983,U004789,2026-02-16 17:22:45,LTD12,S007,Gem Pack XXL,99.99,6480,6
P00000984,U004789,2026-02-16 11:10:04,LTD12,S007,Gem Pack XXL,99.99,6480,7
P00000985,U004789,2026-02-26 14:12:32,LTD12,S007,Gem Pack XXL,99.99,6480,8
P00000986,U004789,2026-03-04 09:03:28,LTD12,S007,Gem Pack XXL,99.99,6480,9
P00000987,U004789,2026-03-19 13:07:14,LTD13,S007,Gem Pack XXL,99.99,6480,10
P00000988,U004790,2026-04-20 14:14:33,LTD15,S002,Monthly Pass,4.99,600,1
P00000989,U004821,2026-01-06 13:23:59,LTD09,S006,Gem Pack XL,49.99,3280,1
P00000990,U004829,2026-03-23 16:45:28,LTD13,S006,Gem Pack XL,49.99,3280,1
P00000991,U004831,2025-10-03 14:24:07,LTD04,S002,Monthly Pass,4.99,600,1
P00000992,U004831,2026-06-06 17:29:58,LTD17,S002,Monthly Pass,4.99,600,2
P00000993,U004841,2026-06-14 13:50:42,LTD18,S006,Gem Pack XL,49.99,3280,1
P00000994,U004848,2025-08-21 14:02:34,LTD02,S007,Gem Pack XXL,99.99,6480,1
P00000995,U004848,2025-09-23 19:12:48,LTD04,S007,Gem Pack XXL,99.99,6480,2
P00000996,U004848,2025-11-22 21:00:32,LTD07,S007,Gem Pack XXL,99.99,6480,3
P00000997,U004848,2026-02-13 11:00:24,LTD11,S007,Gem Pack XXL,99.99,6480,4
P00000998,U004853,2026-05-04 21:15:52,LTD16,S002,Monthly Pass,4.99,600,1
P00000999,U004859,2026-04-12 19:50:02,LTD14,S007,Gem Pack XXL,99.99,6480,1
P00001000,U004859,2026-04-12 15:15:32,LTD14,S007,Gem Pack XXL,99.99,6480,2
P00001001,U004872,2026-06-09 16:24:25,LTD17,S002,Monthly Pass,4.99,600,1
P00001002,U004900,2025-09-05 14:17:36,LTD03,S006,Gem Pack XL,49.99,3280,1
P00001003,U004901,2025-09-04 22:07:59,LTD03,S007,Gem Pack XXL,99.99,6480,1
P00001004,U004901,2025-09-14 14:45:43,LTD04,S007,Gem Pack XXL,99.99,6480,2
P00001005,U004901,2026-02-08 11:30:13,LTD11,S007,Gem Pack XXL,99.99,6480,3
P00001006,U004904,2026-01-08 23:35:30,LTD10,S006,Gem Pack XL,49.99,3280,1
P00001007,U004908,2026-04-14 20:31:57,LTD15,S006,Gem Pack XL,49.99,3280,1
P00001008,U004914,2025-08-29 16:29:05,LTD03,S006,Gem Pack XL,49.99,3280,1
P00001009,U004914,2025-12-25 12:15:08,LTD09,S006,Gem Pack XL,49.99,3280,2
P00001010,U004930,2025-09-30 16:15:41,LTD04,S006,Gem Pack XL,49.99,3280,1
P00001011,U004931,2025-08-06 23:21:43,LTD02,S002,Monthly Pass,4.99,600,1
P00001012,U004945,2026-03-17 17:42:41,LTD13,S007,Gem Pack XXL,99.99,6480,1
P00001013,U004945,2026-03-29 16:10:38,LTD14,S007,Gem Pack XXL,99.99,6480,2
P00001014,U004945,2026-04-14 22:03:03,LTD15,S007,Gem Pack XXL,99.99,6480,3
P00001015,U004945,2026-04-19 19:25:01,LTD15,S007,Gem Pack XXL,99.99,6480,4
P00001016,U004945,2026-05-27 11:54:51,LTD17,S007,Gem Pack XXL,99.99,6480,5
P00001017,U004961,2026-05-21 14:00:52,LTD16,S007,Gem Pack XXL,99.99,6480,1
P00001018,U004961,2026-05-21 14:42:41,LTD16,S007,Gem Pack XXL,"99,99",6480,2
P00001019,U004971,2026-06-13 20:10:53,LTD18,S007,Gem Pack XXL,99.99,6480,1
P00001020,U004984,2025-11-16 17:26:28,LTD07,S002,Monthly Pass,4.99,600,1
P00001021,U004990,2025-08-01 17:05:52,LTD01,S007,Gem Pack XXL,99.99,6480,1
P00001022,U004990,2025-09-10 11:15:33,LTD03,S007,Gem Pack XXL,99.99,6480,2
P00001023,U004990,2025-10-15 10:39:16,LTD05,S007,Gem Pack XXL,"99,99",6480,3
P00001024,U004990,2025-10-26 10:22:37,LTD06,S007,Gem Pack XXL,99.99,6480,4
P00001025,U004996,2025-07-16 12:00:45,LTD01,S007,Gem Pack XXL,99.99,6480,1
P00001026,U004996,2025-10-06 23:07:15,LTD05,S007,Gem Pack XXL,99.99,6480,2
P00001027,U004996,2025-12-18 17:04:23,LTD08,S007,Gem Pack XXL,99.99,6480,3
P00001028,U004996,2026-05-25 22:39:30,LTD17,S007,Gem Pack XXL,99.99,6480,4
P00001029,U004999,2026-04-11 21:33:58,LTD14,S007,Gem Pack XXL,99.99,6480,1
P00000613,U002894,2026-06-27 13:18:15,LTD18,S007,Gem Pack XXL,99.99,6480,2
P00000877,U004383,2025-07-15 18:53:33,LTD01,S007,Gem Pack XXL,99.99,6480,1
P00000230,U001090,2026-05-03 21:59:35,LTD16,S007,Gem Pack XXL,99.99,6480,2
P00000974,U004787,2026-04-19 14:06:34,LTD15,S007,Gem Pack XXL,99.99,6480,6
P00000500,U002403,2026-03-24 22:55:06,LTD13,S006,Gem Pack XL,49.99,3280,2
P00000726,U003594,2026-06-08 14:19:18,LTD17,S007,Gem Pack XXL,99.99,6480,2
P00000499,U002403,2025-10-25 09:49:54,LTD06,S006,Gem Pack XL,49.99,3280,1
P00000605,U002875,2026-06-24 08:01:20,LTD18,S007,Gem Pack XXL,99.99,6480,1
